chain,timestamp,block,category,address,contractAddress,tokenSymbol,tokenAddress,tokenPrice,tokenQuantity,totalValueUsd,description
ethereum,2025-03-15T03:03:47.000Z,22049466,asset:owned:frax,0xDAe210BfB0cF8c81EDB4b459e2e0bA14D553e2D9,0x853d955aCEf822Db058eb8505911ED77F175b99e,FRAX,0x853d955aCEf822Db058eb8505911ED77F175b99e,0.99854779,295939.68450022,295509.9179309919,FraxFerry - FRAX ethereum->bsc
bsc,2025-03-15T03:03:47.000Z,47475392,asset:owned:frax,0x10Ef54F944639764d2d5Efa272262f06cfaF09AE,0x90C97F71E18723b0Cf0dfa30ee176Ab653E89F40,FRAX,0x90C97F71E18723b0Cf0dfa30ee176Ab653E89F40,0.99854779,208699.31549978,208396.2402668181,FraxFerry - FRAX bsc->ethereum
ethereum,2025-03-15T03:03:47.000Z,22049466,asset:owned:frax,0x6ac96F65156281a9383455D704b58A74ea9C9eC4,0x853d955aCEf822Db058eb8505911ED77F175b99e,FRAX,0x853d955aCEf822Db058eb8505911ED77F175b99e,0.99854779,86872.16710001,86746.0104702257,FraxFerry - FRAX ethereum->aurora
ethereum,2025-03-15T03:03:47.000Z,22049466,asset:owned:frax,0x5e1D94021484642863Ea8E7Cb4F0188e56B18FEE,0x853d955aCEf822Db058eb8505911ED77F175b99e,FRAX,0x853d955aCEf822Db058eb8505911ED77F175b99e,0.99854779,860396.81051989,859147.3336676849,FraxFerry - FRAX ethereum->fraxtal
fraxtal,2025-03-15T03:03:47.000Z,17598558,asset:owned:frax,0x00160baF84b3D2014837cc12e838ea399f8b8478,0xFc00000000000000000000000000000000000001,FRAX,0xFc00000000000000000000000000000000000001,0.99854779,21179510.86907871,21148753.771599524,FraxFerry - FRAX fraxtal->ethereum
ethereum,2025-03-15T03:03:47.000Z,22049466,asset:owned:frax,0x3eF1d856EA62A2292B8690855042095a7aC48B4b,0x853d955aCEf822Db058eb8505911ED77F175b99e,FRAX,0x853d955aCEf822Db058eb8505911ED77F175b99e,0.99854779,2392.52380004,2389.049353052344,FraxFerry - FRAX ethereum->boba
boba,2025-03-15T03:03:47.000Z,15501493,asset:owned:frax,0x5Cba95F0C97cf281C37CA7a24d68578eA60D0DD0,0x7562F525106F5d54E891e005867Bf489B5988CD9,FRAX,0x7562F525106F5d54E891e005867Bf489B5988CD9,0.99854779,8706.69749999,8694.05354681354,FraxFerry - FRAX boba->ethereum
ethereum,2025-03-15T03:03:47.000Z,22049466,asset:owned:frax,0x85c5f05Ae4CB68190C695a22b292C3bA90696128,0x853d955aCEf822Db058eb8505911ED77F175b99e,FRAX,0x853d955aCEf822Db058eb8505911ED77F175b99e,0.99854779,841202.0484590275,839980.446432235,FraxFerry - FRAX ethereum->arbitrum
arbitrum,2025-03-15T03:03:47.000Z,315808301,asset:owned:frax,0x5a9BEf8CEa603aAc78a523fb245C1A9264D50706,0x17FC002b466eEc40DaE837Fc4bE5c67993ddBd6F,FRAX,0x17FC002b466eEc40DaE837Fc4bE5c67993ddBd6F,0.99854779,336076.82529998,335588.7711735111,FraxFerry - FRAX arbitrum->ethereum
ethereum,2025-03-15T03:03:47.000Z,22049466,asset:owned:frax,0xfB788F9E20ef426a32A67986654750172A6c1788,0x853d955aCEf822Db058eb8505911ED77F175b99e,FRAX,0x853d955aCEf822Db058eb8505911ED77F175b99e,0.99854779,226524.8801138195,226195.9184176694,FraxFerry - FRAX ethereum->fantom
fantom,2025-03-15T03:03:47.000Z,106557102,asset:owned:frax,0x088Be716eCA24b143fCC9ed06C6ae9977A469CCE,0xdc301622e621166BD8E82f2cA0A26c13Ad0BE355,FRAX,0xdc301622e621166BD8E82f2cA0A26c13Ad0BE355,0.99854779,120000,119825.7348,FraxFerry - FRAX fantom->ethereum
ethereum,2025-03-15T03:03:47.000Z,22049466,asset:owned:frax,0xF1E1deA8F1053FD9C5F47f72F1f03977E17aF242,0x853d955aCEf822Db058eb8505911ED77F175b99e,FRAX,0x853d955aCEf822Db058eb8505911ED77F175b99e,0.99854779,167578.39377847104,167335.03475924203,FraxFerry - FRAX ethereum->moonbeam
moonbeam,2025-03-15T03:03:47.000Z,10022390,asset:owned:frax,0xd545Fd6080db07eDdcC1F57dC28a53D930837A8d,0x322E86852e492a7Ee17f28a78c663da38FB33bfb,FRAX,0x322E86852e492a7Ee17f28a78c663da38FB33bfb,0.99854779,238217.75553906304,237871.81333229167,FraxFerry - FRAX moonbeam->ethereum
ethereum,2025-03-15T03:03:47.000Z,22049466,asset:owned:frax,0xA381d58e96eC3818c825E1fb264099448945CF8b,0x853d955aCEf822Db058eb8505911ED77F175b99e,FRAX,0x853d955aCEf822Db058eb8505911ED77F175b99e,0.99854779,309384.7074860576,308935.41591999924,FraxFerry - FRAX ethereum->avalanche
avalanche,2025-03-15T03:03:47.000Z,58739897,asset:owned:frax,0x5dfF474Cea8A1FA929AC9A3cE2550376aF11d2A8,0xD24C2Ad096400B6FBcd2ad8B24E7acBc21A1da64,FRAX,0xD24C2Ad096400B6FBcd2ad8B24E7acBc21A1da64,0.99854779,120000,119825.7348,FraxFerry - FRAX avalanche->ethereum
ethereum,2025-03-15T03:03:47.000Z,22049466,asset:owned:frax,0x32dDf80508cfD8feD8ABe375582FC7cfD20372C4,0x853d955aCEf822Db058eb8505911ED77F175b99e,FRAX,0x853d955aCEf822Db058eb8505911ED77F175b99e,0.99854779,12573.02629422,12554.767619705271,FraxFerry - FRAX ethereum->zksync
zksync,2025-03-15T03:03:47.000Z,57682245,asset:owned:frax,0x31CdA619b96C96bD7Ed8463418E0f65c1fFC8D0a,0xb4C1544cb4163f4C2ECa1aE9Ce999F63892d912A,FRAX,0xb4C1544cb4163f4C2ECa1aE9Ce999F63892d912A,0.99854779,7000,6989.83453,FraxFerry - FRAX zksync->ethereum
ethereum,2025-03-15T03:03:47.000Z,22049466,asset:owned:frax,0x43959A388603DCb6B02Ca084A55d4c7f3b442c57,0x853d955aCEf822Db058eb8505911ED77F175b99e,FRAX,0x853d955aCEf822Db058eb8505911ED77F175b99e,0.99854779,7963.41881083,7951.854254398724,FraxFerry - FRAX ethereum->polygon
polygon,2025-03-15T03:03:47.000Z,69063171,asset:owned:frax,0x6f7F18C15B97dC9Fac48Ae7F986989F97D25dbc7,0x45c32fA6DF82ead1e2EF74d17b76547EDdFaFF89,FRAX,0x45c32fA6DF82ead1e2EF74d17b76547EDdFaFF89,0.99854779,70000,69898.3453,FraxFerry - FRAX polygon->ethereum
ethereum,2025-03-15T03:03:47.000Z,22049466,asset:owned:frax,0x15ADa72A3B52A88E25DdD2CC2bA1120234e34bb0,0x853d955aCEf822Db058eb8505911ED77F175b99e,FRAX,0x853d955aCEf822Db058eb8505911ED77F175b99e,0.99854779,1417648.9019491945,1415590.178037295,FraxFerry - FRAX ethereum->moonriver
moonriver,2025-03-15T03:03:47.000Z,10728388,asset:owned:frax,0x81dbcc69937DAd14e358B1a16Ba7ea047703c404,0x1A93B23281CC1CDE4C4741353F3064709A16197d,FRAX,0x1A93B23281CC1CDE4C4741353F3064709A16197d,0.99854779,40858.91809999,40799.582370536016,FraxFerry - FRAX moonriver->ethereum
ethereum,2025-03-15T03:03:47.000Z,22049466,asset:owned:frax,0x86E71075e55F0aaD27D700017E0783458310c98a,0x853d955aCEf822Db058eb8505911ED77F175b99e,FRAX,0x853d955aCEf822Db058eb8505911ED77F175b99e,0.99854779,10589.19077998,10573.813051237405,FraxFerry - FRAX ethereum->polygon_zkevm
polygon_zkevm,2025-03-15T03:03:47.000Z,20688844,asset:owned:frax,0xEaBd7625056bbD2c260f90D0B08759C69d971a5B,0xFf8544feD5379D9ffa8D47a74cE6b91e632AC44D,FRAX,0xFf8544feD5379D9ffa8D47a74cE6b91e632AC44D,0.99854779,2000,1997.09558,FraxFerry - FRAX polygon_zkevm->ethereum
ethereum,2025-03-15T03:03:47.000Z,22049466,asset:owned:frax,0x06Fa869caa1160754C6a0B744Da6454c5EA325d4,0x853d955aCEf822Db058eb8505911ED77F175b99e,FRAX,0x853d955aCEf822Db058eb8505911ED77F175b99e,0.99854779,311418.91520032,310966.66953747696,FraxFerry - FRAX ethereum->optimism
optimism,2025-03-15T03:03:47.000Z,133204525,asset:owned:frax,0xb781FCaC4B8eF06891F9baD7dB9C178B1cE67967,0x2E3D870790dC77A83DD1d18184Acc7439A53f475,FRAX,0x2E3D870790dC77A83DD1d18184Acc7439A53f475,0.99854779,100000,99854.779,FraxFerry - FRAX optimism->ethereum
ethereum,2025-03-15T03:03:47.000Z,22049466,asset:owned:volatile,0x5c5f05cF8528FFe925A2264743bFfEdbAB2b0FE3,0xac3E018457B222d93114458476f3E3416Abbe38F,sfrxETH,0xac3E018457B222d93114458476f3E3416Abbe38F,2121.639979880854,3.835124001749361,8136.752409912093,FraxFerry - sfrxETH ethereum->fraxtal
fraxtal,2025-03-15T03:03:47.000Z,17598558,asset:owned:volatile,0x67c6A8A715fc726ffD0A40588701813d9eC04d9C,0xFC00000000000000000000000000000000000005,sfrxETH,0xFC00000000000000000000000000000000000005,2121.639979880854,2848.0839709,6042608.818719258,FraxFerry - sfrxETH fraxtal->ethereum
fraxtal,2025-03-15T03:03:47.000Z,17598558,asset:owned:frax,0x08Be8BaAb62fB0A363f38C82Ee2320A36b72f2DB,0xfc00000000000000000000000000000000000008,sFRAX,0xfc00000000000000000000000000000000000008,1.1176121656231053,3238332.49679535,3619199.794751129,FraxFerry - sFRAX fraxtal->ethereum
ethereum,2025-03-15T03:03:47.000Z,22049466,asset:owned:frax,0xB1748C79709f4Ba2Dd82834B8c82D4a505003f27,0x2Cf99A343e4ECF49623E82f2Ec6A9b62e16Ff3fe,FRAX,0x853d955aCEf822Db058eb8505911ED77F175b99e,0.99854779,134906.1267844703,134710.21475809262,FRAX directly held in unstaked, pure Curve FRAX/FPI LP
ethereum,2025-03-15T03:03:47.000Z,22049466,asset:owned:frax,0xB1748C79709f4Ba2Dd82834B8c82D4a505003f27,0x062450B06EB92F1C4E227C41c987ed97c93Ae232,FRAX,0x853d955aCEf822Db058eb8505911ED77F175b99e,0.99854779,134906.1267844703,134710.21475809262,FRAX staked in Convex FRAX/FPI
ethereum,2025-03-15T03:03:47.000Z,22049466,asset:owned:frax,0xB1748C79709f4Ba2Dd82834B8c82D4a505003f27,0x2Cf99A343e4ECF49623E82f2Ec6A9b62e16Ff3fe,FPI,0x5Ca135cB8527d76e932f34B5145575F9d8cbE08E,1.1371203746210088,330636.4772500584,375973.47487395705,FPI directly held in unstaked, pure Curve FRAX/FPI LP
ethereum,2025-03-15T03:03:47.000Z,22049466,asset:owned:frax,0xB1748C79709f4Ba2Dd82834B8c82D4a505003f27,0x062450B06EB92F1C4E227C41c987ed97c93Ae232,FPI,0x5Ca135cB8527d76e932f34B5145575F9d8cbE08E,1.1371203746210088,330636.4772500584,375973.47487395705,FPI staked in Convex FRAX/FPI
ethereum,2025-03-15T03:03:47.000Z,22049466,asset:owned:frax,0xB1748C79709f4Ba2Dd82834B8c82D4a505003f27,0xBBaf8B2837CBbc7146F5bC978D6F84db0BE1CAcc,frxUSD,0xCAcd6fd266aF91b8AeD52aCCc382b4e165586E29,0.99854779,2940850.211807922,2936579.479721833,frxUSD directly held in unstaked, pure Curve frxUSD/FRAX LP
ethereum,2025-03-15T03:03:47.000Z,22049466,asset:owned:frax,0xB1748C79709f4Ba2Dd82834B8c82D4a505003f27,0xBBaf8B2837CBbc7146F5bC978D6F84db0BE1CAcc,FRAX,0x853d955aCEf822Db058eb8505911ED77F175b99e,0.99854779,1161034.6341460857,1159348.5680400322,FRAX directly held in unstaked, pure Curve frxUSD/FRAX LP
ethereum,2025-03-15T03:03:47.000Z,22049466,asset:owned:frax_usd,0xB1748C79709f4Ba2Dd82834B8c82D4a505003f27,0xce6431d21e3fb1036ce9973a3312368ed96f5ce7,FRAX,0x853d955aCEf822Db058eb8505911ED77F175b99e,0.99854779,27848008.31308785,27807567.1569355,FRAX directly held in unstaked, pure Curve FRAX/sDAI LP
ethereum,2025-03-15T03:03:47.000Z,22049466,asset:owned:frax_usd,0xB1748C79709f4Ba2Dd82834B8c82D4a505003f27,0xE627082369689b2B86D948c377A4aE4e739C59eE,FRAX,0x853d955aCEf822Db058eb8505911ED77F175b99e,0.99854779,388367.3858631533,387803.394861729,FRAX staked in Convex FRAX/sDAI
ethereum,2025-03-15T03:03:47.000Z,22049466,asset:owned:frax_usd,0xB1748C79709f4Ba2Dd82834B8c82D4a505003f27,0xce6431d21e3fb1036ce9973a3312368ed96f5ce7,DAI,0x6B175474E89094C44Da98b954EedeAC495271d0F,1,8628618.538354853,8628618.538354853,DAI directly held in unstaked, pure Curve FRAX/sDAI LP (Converted sDAI -> DAI with rate of 1.1511)
ethereum,2025-03-15T03:03:47.000Z,22049466,asset:owned:frax_usd,0xB1748C79709f4Ba2Dd82834B8c82D4a505003f27,0xE627082369689b2B86D948c377A4aE4e739C59eE,DAI,0x6B175474E89094C44Da98b954EedeAC495271d0F,1,120334.42347746994,120334.42347746994,DAI staked in Convex FRAX/sDAI (Converted sDAI -> DAI with rate of 1.1511)
ethereum,2025-03-15T03:03:47.000Z,22049466,asset:owned:frax_usd,0xB1748C79709f4Ba2Dd82834B8c82D4a505003f27,0xc030b717b96B83bf4EC4a075dD547614953968FD,FRAX,0x853d955aCEf822Db058eb8505911ED77F175b99e,0.99854779,44948340.2749028,44883065.84567218,FRAX staked in Convex FRAX/USDe
ethereum,2025-03-15T03:03:47.000Z,22049466,asset:owned:frax_usd,0xB1748C79709f4Ba2Dd82834B8c82D4a505003f27,0xc030b717b96B83bf4EC4a075dD547614953968FD,USDe,0x4c9EDD5852cd905f086C759E8383e09bff1E68B3,0.99971046,32636737.046204284,32627287.405359928,USDe staked in Convex FRAX/USDe
ethereum,2025-03-15T03:03:47.000Z,22049466,asset:owned:frax_usd,0xB1748C79709f4Ba2Dd82834B8c82D4a505003f27,0x44be1A72619eDDDccAb744eE9e1E69A0B639F85f,frxUSD,0xCAcd6fd266aF91b8AeD52aCCc382b4e165586E29,0.99854779,40681659.42954661,40622581.11690643,frxUSD staked in Convex frxUSD/sUSDS
ethereum,2025-03-15T03:03:47.000Z,22049466,asset:owned:frax_usd,0xB1748C79709f4Ba2Dd82834B8c82D4a505003f27,0x44be1A72619eDDDccAb744eE9e1E69A0B639F85f,USDS,0xdC035D45d973E3EC169d2276DDab16f1e407384F,0.99979351,10691384.976421583,10689177.312337805,USDS staked in Convex frxUSD/sUSDS (Converted sUSDS -> USDS with rate of 1.0432)
ethereum,2025-03-15T03:03:47.000Z,22049466,asset:owned:frax_usd,0xB1748C79709f4Ba2Dd82834B8c82D4a505003f27,0xf5D7c5484C02C03cF131b76C67C3EB969828bD3D,FRAX,0x853d955aCEf822Db058eb8505911ED77F175b99e,0.99854779,2236160.644889036,2232913.270038922,FRAX directly held in unstaked, pure Curve FRAX/AUSD LP
ethereum,2025-03-15T03:03:47.000Z,22049466,asset:owned:frax_usd,0xB1748C79709f4Ba2Dd82834B8c82D4a505003f27,0xf5D7c5484C02C03cF131b76C67C3EB969828bD3D,AUSD,0x00000000eFE302BEAA2b3e6e1b18d08D69a9012a,0.9980585838608336,1759483.7419262533,1756067.8517930766,AUSD directly held in unstaked, pure Curve FRAX/AUSD LP
ethereum,2025-03-15T03:03:47.000Z,22049466,asset:owned:volatile,0xB1748C79709f4Ba2Dd82834B8c82D4a505003f27,0xaa0C3f5F7DFD688C6E646F66CD2a6B66ACdbE434,cvxCRV,0x62B9c7356A2Dc64a1969e19C23e4f579F9810Aa7,0.2721382067347051,7304914.267395675,1987946.2690798216,Underlying cvxCRV in Staked Convex-Curve (stkcvxCRV)
ethereum,2025-03-15T03:03:47.000Z,22049466,asset:owned:volatile,0xB1748C79709f4Ba2Dd82834B8c82D4a505003f27,0x0c73f1cFd5C9dFc150C8707Aa47Acbd14F0BE108,PRISMA,0xdA47862a83dac0c112BA89c6abC2159b95afd71C,0.04749127529019421,181098,8600.57497250359,Underlying PRISMA in Staked Convex (stkcvxPRISMA)
ethereum,2025-03-15T03:03:47.000Z,22049466,asset:owned:volatile,0x847FA1A5337C7f24D7066E467F2e2A0f969Ca79F,0x5f3b5DfEb7B28CDbD7FAba78963EE202a494e2A2,CRV,0xD533a949740bb3306d119CC777fa900bA034cd52,0.41167,2105508.3216826585,866774.6107871,Underlying CRV locked in Vote Escrow CRV (veCRV)
ethereum,2025-03-15T03:03:47.000Z,22049466,asset:owned:volatile,0xB1748C79709f4Ba2Dd82834B8c82D4a505003f27,0x72a19342e8F1838460eBFCCEf09F6585e32db86E,CVX,0x4e3FBD56CD56c3e72c1403e103b45Db9da5B9D2B,1.9946698,2300000,4587740.54,Underlying CVX locked in Vote-Locked Convex (vlCVX)
ethereum,2025-03-15T03:03:47.000Z,22049466,asset:lent:frax,0x0Ed8fA7FC63A8eb5487E7F87CAF1aB3914eA4eCa,0xa1D100a5bf6BFd2736837c97248853D989a9ED84,FRAX,0x853d955aCEf822Db058eb8505911ED77F175b99e,0.99854779,115393.24664102632,115225.67141432175,Fraxlend AMO V1 - Fraxlend V1 - CVX
ethereum,2025-03-15T03:03:47.000Z,22049466,asset:lent:frax,0x0Ed8fA7FC63A8eb5487E7F87CAF1aB3914eA4eCa,0xDbe88DBAc39263c47629ebbA02b3eF4cf0752A72,FRAX,0x853d955aCEf822Db058eb8505911ED77F175b99e,0.99854779,62815.232835714065,62724.01192643771,Fraxlend AMO V1 - Fraxlend V1 - FXS
ethereum,2025-03-15T03:03:47.000Z,22049466,asset:lent:frax,0x0Ed8fA7FC63A8eb5487E7F87CAF1aB3914eA4eCa,0x918Ac498470d073C6518b55F3f74C203D6Df38fd,FRAX,0x853d955aCEf822Db058eb8505911ED77F175b99e,0.99854779,10.318205406331227,10.3032212052581,Fraxlend AMO V1 - Fraxlend V2 - FPI V1
ethereum,2025-03-15T03:03:47.000Z,22049466,asset:lent:frax,0x0Ed8fA7FC63A8eb5487E7F87CAF1aB3914eA4eCa,0x74F82Bd9D0390A4180DaaEc92D64cf0708751759,FRAX,0x853d955aCEf822Db058eb8505911ED77F175b99e,0.99854779,34626.91930696048,34576.633748473716,Fraxlend AMO V1 - Fraxlend V2 - FPI V2
ethereum,2025-03-15T03:03:47.000Z,22049466,asset:owned:frax,0xf6E697e95D4008f81044337A749ECF4d15C30Ea6,0xf6E697e95D4008f81044337A749ECF4d15C30Ea6,FRAX,0x853d955aCEf822Db058eb8505911ED77F175b99e,0.99854779,2500000.0000138683,2496369.4750138484,Fraxlend AMO V3 - idle FRAX
ethereum,2025-03-15T03:03:47.000Z,22049466,asset:lent:frax,0xf6E697e95D4008f81044337A749ECF4d15C30Ea6,0x78bB3aEC3d855431bd9289fD98dA13F9ebB7ef15,FRAX,0x853d955aCEf822Db058eb8505911ED77F175b99e,0.99854779,14098000.56533981,14077527.307938816,Fraxlend AMO V3 - Fraxlend V3 - sfrxETH
ethereum,2025-03-15T03:03:47.000Z,22049466,asset:lent:frax,0xf6E697e95D4008f81044337A749ECF4d15C30Ea6,0x82Ec28636B77661a95f021090F6bE0C8d379DD5D,FRAX,0x853d955aCEf822Db058eb8505911ED77F175b99e,0.99854779,102074.96033683584,101926.72605868508,Fraxlend AMO V3 - Fraxlend V3 - MKR
ethereum,2025-03-15T03:03:47.000Z,22049466,asset:lent:frax,0xf6E697e95D4008f81044337A749ECF4d15C30Ea6,0xc6CadA314389430d396C7b0C70c6281e99ca7fe8,FRAX,0x853d955aCEf822Db058eb8505911ED77F175b99e,0.99854779,54179.13014127874,54100.45066669628,Fraxlend AMO V3 - Fraxlend V3 - UNI
ethereum,2025-03-15T03:03:47.000Z,22049466,asset:lent:frax,0xf6E697e95D4008f81044337A749ECF4d15C30Ea6,0x281E6CB341a552E4faCCc6b4eEF1A6fCC523682d,FRAX,0x853d955aCEf822Db058eb8505911ED77F175b99e,0.99854779,265360.051166239,264974.69264633494,Fraxlend AMO V3 - Fraxlend V3 - frxETH/ETH
ethereum,2025-03-15T03:03:47.000Z,22049466,asset:lent:frax,0xf6E697e95D4008f81044337A749ECF4d15C30Ea6,0x1c0C222989a37247D974937782cebc8bF4f25733,FRAX,0x853d955aCEf822Db058eb8505911ED77F175b99e,0.99854779,552542.6315170467,551740.2235821313,Fraxlend AMO V3 - Fraxlend V3 - FXB_4_DEC312026/FRAX
ethereum,2025-03-15T03:03:47.000Z,22049466,asset:lent:frax,0xf6E697e95D4008f81044337A749ECF4d15C30Ea6,0xd1887398f3bbdC9d10D0d5616AD83506DdF5057a,FRAX,0x853d955aCEf822Db058eb8505911ED77F175b99e,0.99854779,4613.775301703888,4607.075131073,Fraxlend AMO V3 - Fraxlend V3 - FXB_DEC312024/FRAX
ethereum,2025-03-15T03:03:47.000Z,22049466,asset:lent:frax,0xf6E697e95D4008f81044337A749ECF4d15C30Ea6,0x0601B72bEF2b3F09E9f48B7d60a8d7D2D3800C6e,FRAX,0x853d955aCEf822Db058eb8505911ED77F175b99e,0.99854779,156072.51712725512,155845.86705715774,Fraxlend AMO V3 - Fraxlend V3 - LDO/FRAX
ethereum,2025-03-15T03:03:47.000Z,22049466,asset:lent:frax,0xf6E697e95D4008f81044337A749ECF4d15C30Ea6,0x7093F6141293F7C4F67E5efD922aC934402E452d,FRAX,0x853d955aCEf822Db058eb8505911ED77F175b99e,0.99854779,401240.4820615499,400657.79662109533,Fraxlend AMO V3 - Fraxlend V3 - LINK/FRAX
ethereum,2025-03-15T03:03:47.000Z,22049466,asset:lent:frax,0xf6E697e95D4008f81044337A749ECF4d15C30Ea6,0xb5a46f712F03808aE5c4B885C6F598fA06442684,FRAX,0x853d955aCEf822Db058eb8505911ED77F175b99e,0.99854779,686865.7531035421,685868.2797882276,Fraxlend AMO V3 - Fraxlend V3 - wstETH/FRAX
ethereum,2025-03-15T03:03:47.000Z,22049466,asset:lent:frax,0xf6E697e95D4008f81044337A749ECF4d15C30Ea6,0xb5Ae5b75C0DF5632c572A657109375646Ce66f90,FRAX,0x853d955aCEf822Db058eb8505911ED77F175b99e,0.99854779,857867.0743428678,856621.2711988364,Fraxlend AMO V3 - Fraxlend V3 - sUSDe/FRAX
ethereum,2025-03-15T03:03:47.000Z,22049466,asset:lent:frax,0xf6E697e95D4008f81044337A749ECF4d15C30Ea6,0xeca60a11c49486088Ad7c5e4aD7Dae2C061DBb1c,FRAX,0x853d955aCEf822Db058eb8505911ED77F175b99e,0.99854779,1321973.6829909482,1320053.899588772,Fraxlend AMO V3 - Fraxlend V3 - USDe/FRAX
ethereum,2025-03-15T03:03:47.000Z,22049466,asset:lent:frax,0xf6E697e95D4008f81044337A749ECF4d15C30Ea6,0x48f32B7c960fD0280297F6F0182E2607a3398Db5,FRAX,0x853d955aCEf822Db058eb8505911ED77F175b99e,0.99854779,505099.17694708373,504365.66687132936,Fraxlend AMO V3 - Fraxlend V3 - sDOLA/FRAX
ethereum,2025-03-15T03:03:47.000Z,22049466,asset:lent:frax,0xf6E697e95D4008f81044337A749ECF4d15C30Ea6,0x76FF120FF669591b7cb5452995C0269437beA414,FRAX,0x853d955aCEf822Db058eb8505911ED77F175b99e,0.99854779,300433.47404857853,299997.18155323045,Fraxlend AMO V3 - Fraxlend V3 - wethV2/Frax
ethereum,2025-03-15T03:03:47.000Z,22049466,asset:lent:frax,0xf6E697e95D4008f81044337A749ECF4d15C30Ea6,0x5F9deea62fDd79EfDd22Fd714670e53dE33463A5,FRAX,0x853d955aCEf822Db058eb8505911ED77F175b99e,0.99854779,100144.35747716174,99998.92683978984,Fraxlend AMO V3 - Fraxlend V3 - WBTC/FRAX
arbitrum,2025-03-15T03:03:47.000Z,315808301,asset:owned:frax,0xCDeE1B853AD2E96921250775b7A60D6ff78fD8B4,0xCDeE1B853AD2E96921250775b7A60D6ff78fD8B4,FRAX,0x17FC002b466eEc40DaE837Fc4bE5c67993ddBd6F,0.99854779,575689.7072429993,574853.684893244,Fraxlend AMO V3 - idle FRAX
arbitrum,2025-03-15T03:03:47.000Z,315808301,asset:lent:frax,0xCDeE1B853AD2E96921250775b7A60D6ff78fD8B4,0x2D0483FefAbA4325c7521539a3DFaCf94A19C472,FRAX,0x17FC002b466eEc40DaE837Fc4bE5c67993ddBd6F,0.99854779,10001.805002724674,9987.280281481668,Fraxlend AMO V3 - Fraxlend V3 - ARB
arbitrum,2025-03-15T03:03:47.000Z,315808301,asset:lent:frax,0xCDeE1B853AD2E96921250775b7A60D6ff78fD8B4,0x6076ebdfe17555ed3e6869cf9c373bbd9ad55d38,FRAX,0x17FC002b466eEc40DaE837Fc4bE5c67993ddBd6F,0.99854779,9967.779137145024,9953.30382860427,Fraxlend AMO V3 - Fraxlend V3 - GMX
arbitrum,2025-03-15T03:03:47.000Z,315808301,asset:lent:frax,0xCDeE1B853AD2E96921250775b7A60D6ff78fD8B4,0x9168ac3a83a31bd85c93f4429a84c05db2caef08,FRAX,0x17FC002b466eEc40DaE837Fc4bE5c67993ddBd6F,0.99854779,569908.4514957494,569080.8247434028,Fraxlend AMO V3 - Fraxlend V3 - WBTC
arbitrum,2025-03-15T03:03:47.000Z,315808301,asset:lent:frax,0xCDeE1B853AD2E96921250775b7A60D6ff78fD8B4,0xc37Aa0cF7E45fe0e811d99062020080147970A1a,FRAX,0x17FC002b466eEc40DaE837Fc4bE5c67993ddBd6F,0.99854779,59092.99026989493,59007.17483849509,Fraxlend AMO V3 - Fraxlend V3 - sfrxETH
fraxtal,2025-03-15T03:03:47.000Z,17598558,asset:owned:frax,0x58C433482d74ABd15f4f8E7201DC4004c06CB611,0x58C433482d74ABd15f4f8E7201DC4004c06CB611,FRAX,0xFc00000000000000000000000000000000000001,0.99854779,74799.04376605058,74690.4198467031,Fraxlend AMO V3 - idle FRAX
fraxtal,2025-03-15T03:03:47.000Z,17598558,asset:lent:frax,0x58C433482d74ABd15f4f8E7201DC4004c06CB611,0x4F968317721B9c300afBff3FD37365637318271D,FRAX,0xFc00000000000000000000000000000000000001,0.99854779,451186.6904453332,450531.4726216016,Fraxlend AMO V3 - Fraxlend V3 - sfrxETH/FRAX
fraxtal,2025-03-15T03:03:47.000Z,17598558,asset:lent:frax,0x58C433482d74ABd15f4f8E7201DC4004c06CB611,0x8EdA613EC96992D3C42BCd9aC2Ae58a92929Ceb2,FRAX,0xFc00000000000000000000000000000000000001,0.99854779,235117.88068604513,234776.44014853405,Fraxlend AMO V3 - Fraxlend V3 - FXS/FRAX
fraxtal,2025-03-15T03:03:47.000Z,17598558,asset:lent:frax,0x58C433482d74ABd15f4f8E7201DC4004c06CB611,0x032578d99b1070682a5E171012BE1756a50a17d4,FRAX,0xFc00000000000000000000000000000000000001,0.99854779,100051.95345639286,99906.65700906396,Fraxlend AMO V3 - Fraxlend V3 - FXB_20261231/FRAX
fraxtal,2025-03-15T03:03:47.000Z,17598558,asset:lent:frax,0x58C433482d74ABd15f4f8E7201DC4004c06CB611,0x3e92765eE2B009b104A8A7baf3759B159c19AbA1,FRAX,0xFc00000000000000000000000000000000000001,0.99854779,102755.03655215348,102605.81466052208,Fraxlend AMO V3 - Fraxlend V3 - FXB20291231/FRAX
fraxtal,2025-03-15T03:03:47.000Z,17598558,asset:lent:frax,0x58C433482d74ABd15f4f8E7201DC4004c06CB611,0x1b48c9595385F1780d7Be1aB57f8eAcFeA3A5cE5,FRAX,0xFc00000000000000000000000000000000000001,0.99854779,100546.69967785904,100400.68475511984,Fraxlend AMO V3 - Fraxlend V3 - FXB20251231/FRAX
fraxtal,2025-03-15T03:03:47.000Z,17598558,asset:lent:frax,0x58C433482d74ABd15f4f8E7201DC4004c06CB611,0xb2d53dF70181FbE783f84B74F58E38cC1Ca8528d,FRAX,0xFc00000000000000000000000000000000000001,0.99854779,50000.03346156758,49927.42291297436,Fraxlend AMO V3 - Fraxlend V3 - FPI/FRAX
fraxtal,2025-03-15T03:03:47.000Z,17598558,asset:lent:frax,0x58C433482d74ABd15f4f8E7201DC4004c06CB611,0x19031D9104d6242Da19CC2AE0d29E60F2e37e426,FRAX,0xFc00000000000000000000000000000000000001,0.99854779,160268.99114915324,160036.24691751655,Fraxlend AMO V3 - Fraxlend V3 - ezETH/FRAX
ethereum,2025-03-15T03:03:47.000Z,22049466,asset:owned:frax,0x0F2a32f4f54Ec9D52a193E9E3493fb5FeA86Cbbe,0x853d955aCEf822Db058eb8505911ED77F175b99e,FRAX,0x853d955aCEf822Db058eb8505911ED77F175b99e,0.99854779,102,101.85187458,Aave AMO V3 - Idle FRAX held on Ethereum
ethereum,2025-03-15T03:03:47.000Z,22049466,asset:lent:frax,0x0F2a32f4f54Ec9D52a193E9E3493fb5FeA86Cbbe,0xd4e245848d6E1220DBE62e155d89fa327E43CB06,FRAX,0x853d955aCEf822Db058eb8505911ED77F175b99e,0.99854779,258656.01233685308,258280.38948917735,Aave AMO V3 - aToken FRAX balance on Aave Aave V3 Ethereum
ethereum,2025-03-15T03:03:47.000Z,22049466,asset:lent:frax,0x0F2a32f4f54Ec9D52a193E9E3493fb5FeA86Cbbe,0x6914ECCf50837dC61b43ee478a9BD9B439648956,FRAX,0x853d955aCEf822Db058eb8505911ED77F175b99e,0.99854779,531335.7016735368,530564.0906542095,Aave AMO V3 - aToken FRAX balance on Aave Aave V3 EtherFi Ethereum
ethereum,2025-03-15T03:03:47.000Z,22049466,asset:owned:usd,0x0F2a32f4f54Ec9D52a193E9E3493fb5FeA86Cbbe,0xA0b86991c6218b36c1d19D4a2e9Eb0cE3606eB48,USDC,0xA0b86991c6218b36c1d19D4a2e9Eb0cE3606eB48,0.99989788,40,39.9959152,Aave AMO V3 - Idle USDC held on Ethereum
ethereum,2025-03-15T03:03:47.000Z,22049466,asset:lent:usd,0x0F2a32f4f54Ec9D52a193E9E3493fb5FeA86Cbbe,0x98C23E9d8f34FEFb1B7BD6a91B7FF122F4e16F5c,USDC,0xA0b86991c6218b36c1d19D4a2e9Eb0cE3606eB48,0.99989788,10.338711,10.33765521083268,Aave AMO V3 - aToken USDC balance on Aave Aave V3 Ethereum
ethereum,2025-03-15T03:03:47.000Z,22049466,asset:owned:frax,0xB1748C79709f4Ba2Dd82834B8c82D4a505003f27,0x3Afdc9BCA9213A35503b077a6072F3D0d5AB0840,sFRAX,0xA663B02CF0a4b149d2aD41910CB81e23e1c41c32,1.1176121656231053,28750927.989188965,32132386.89367143,Compound AMO - sFRAX collateral supplied
ethereum,2025-03-15T03:03:47.000Z,22049466,asset:lent:frax,0x66635DC1EdEfF19e839f152a67278151Aa6e1B61,0xd4937682df3C8aEF4FE912A96A74121C0829E664,FRAX,0x853d955aCEf822Db058eb8505911ED77F175b99e,0.99854779,11.831646368578244,11.814464333405333,Underlying FRAX in Aave FRAX (aFRAX)
ethereum,2025-03-15T03:03:47.000Z,22049466,asset:lent:frax,0xB1748C79709f4Ba2Dd82834B8c82D4a505003f27,0x1C9A2d6b33B4826757273D47ebEe0e2DddcD978B,FRAX,0x853d955aCEf822Db058eb8505911ED77F175b99e,0.99854779,212725.5591172882,212416.6369330825,Underlying FRAX in Flux Finance FRAX (fFRAX)
ethereum,2025-03-15T03:03:47.000Z,22049466,asset:lent:usd,0xB1748C79709f4Ba2Dd82834B8c82D4a505003f27,0xeE847a804b67f4887c9E8fe559A2dA4278deFB52,USDC,0xA0b86991c6218b36c1d19D4a2e9Eb0cE3606eB48,0.99989788,565698.874555,565641.1053859304,Underlying USDC in Fraxlend sfrxETH/USDC
fraxtal,2025-03-15T03:03:47.000Z,17598558,asset:owned:frax_volatile,0x5180db0237291A6449DdA9ed33aD90a38787621c,0x0EFFABede4e31101DE5209096611D073981A817b,frxUSD,0xFc00000000000000000000000000000000000001,0.99854779,8.329202549928622,8.31710679869359,frxUSD quantity in Fraxswap V2 frxUSD/FPI LP
fraxtal,2025-03-15T03:03:47.000Z,17598558,asset:owned:frax_volatile,0x5180db0237291A6449DdA9ed33aD90a38787621c,0x0EFFABede4e31101DE5209096611D073981A817b,FPI,0xFc00000000000000000000000000000000000003,1.1371203746210088,7.568971158243613,8.606831318957589,FPI quantity in Fraxswap V2 frxUSD/FPI LP
fraxtal,2025-03-15T03:03:47.000Z,17598558,asset:owned:frax_fxs,0x5180db0237291A6449DdA9ed33aD90a38787621c,0xb4dA8dA10ffF1F6127ab71395053Aa1d499b503F,frxUSD,0xFc00000000000000000000000000000000000001,0.99854779,25.961496249173543,25.923794704705532,frxUSD quantity in Fraxswap V2 frxUSD/FXS LP
fraxtal,2025-03-15T03:03:47.000Z,17598558,asset:owned:frax_volatile,0xC4EB45d80DC1F079045E75D5d55de8eD1c1090E6,0x78d264E25781f31343352A0f91875B655c79B843,frxUSD,0xFc00000000000000000000000000000000000001,0.99854779,5968.775411326253,5960.10749598617,frxUSD quantity in Fraxswap V2 frxUSD/FPIS LP
fraxtal,2025-03-15T03:03:47.000Z,17598558,asset:owned:frax_fxs,0xC4EB45d80DC1F079045E75D5d55de8eD1c1090E6,0xb4dA8dA10ffF1F6127ab71395053Aa1d499b503F,frxUSD,0xFc00000000000000000000000000000000000001,0.99854779,1811605.7594889952,1808974.927489008,frxUSD quantity in Fraxswap V2 frxUSD/FXS LP
fraxtal,2025-03-15T03:03:47.000Z,17598558,asset:owned:frax_volatile,0xC4EB45d80DC1F079045E75D5d55de8eD1c1090E6,0x4527bcEd9d41706D1436507e9a6e354d3FF44ff9,frxUSD,0xFc00000000000000000000000000000000000001,0.99854779,914814.626947022,913486.1239976232,frxUSD quantity in Fraxswap V2 frxUSD/wfrxETH LP
fraxtal,2025-03-15T03:03:47.000Z,17598558,asset:owned:frax_volatile,0xC4EB45d80DC1F079045E75D5d55de8eD1c1090E6,0x4527bcEd9d41706D1436507e9a6e354d3FF44ff9,wfrxETH,0xFC00000000000000000000000000000000000006,1904.632660739772,479.61275831677654,913486.1239976232,wfrxETH quantity in Fraxswap V2 frxUSD/wfrxETH LP
fraxtal,2025-03-15T03:03:47.000Z,17598558,asset:owned:frax_volatile,0xC4EB45d80DC1F079045E75D5d55de8eD1c1090E6,0x0EFFABede4e31101DE5209096611D073981A817b,frxUSD,0xFc00000000000000000000000000000000000001,0.99854779,12912.57914043967,12893.827363886132,frxUSD quantity in Fraxswap V2 frxUSD/FPI LP
fraxtal,2025-03-15T03:03:47.000Z,17598558,asset:owned:frax_volatile,0xC4EB45d80DC1F079045E75D5d55de8eD1c1090E6,0x0EFFABede4e31101DE5209096611D073981A817b,FPI,0xFc00000000000000000000000000000000000003,1.1371203746210088,11734.00916914471,13342.980902224186,FPI quantity in Fraxswap V2 frxUSD/FPI LP
fraxtal,2025-03-15T03:03:47.000Z,17598558,asset:owned:frax_volatile,0xC4EB45d80DC1F079045E75D5d55de8eD1c1090E6,0xEBD293F2173082320d88533316F5964298dE316E,frxUSD,0xFc00000000000000000000000000000000000001,0.99854779,4355.438153283356,4349.113142442777,frxUSD quantity in Fraxswap V2 frxUSD/sfrxETH LP
fraxtal,2025-03-15T03:03:47.000Z,17598558,asset:owned:frax_volatile,0xC4EB45d80DC1F079045E75D5d55de8eD1c1090E6,0xEBD293F2173082320d88533316F5964298dE316E,sfrxETH,0xFC00000000000000000000000000000000000005,2121.639979880854,2.041860272487912,4332.092387440768,sfrxETH quantity in Fraxswap V2 frxUSD/sfrxETH LP
fantom,2025-03-15T03:03:47.000Z,106557102,asset:owned:frax_fxs,0xE838c61635dd1D41952c68E47159329443283d90,0x4ac3de029F4C11ab40a51336F7229d67cd1e92A5,FRAX,0xdc301622e621166BD8E82f2cA0A26c13Ad0BE355,0.99854779,233.3822288157337,233.0433088092252,FRAX quantity in Fraxswap V2 FXS/FRAX LP
fantom,2025-03-15T03:03:47.000Z,106557102,asset:owned:frax_volatile,0xE838c61635dd1D41952c68E47159329443283d90,0x173F3e43F0414F903620948F9d2094F9dbD92F15,WFTM,0x21be370D5312f44cB42ce377BC9b8a0cEF1A4C83,0.5225036254924375,306694.47988674935,160248.97765934395,WFTM quantity in Fraxswap V2 WFTM/FRAX LP
fantom,2025-03-15T03:03:47.000Z,106557102,asset:owned:frax_volatile,0xE838c61635dd1D41952c68E47159329443283d90,0x173F3e43F0414F903620948F9d2094F9dbD92F15,FRAX,0xdc301622e621166BD8E82f2cA0A26c13Ad0BE355,0.99854779,162372.9378309113,162137.13822686387,FRAX quantity in Fraxswap V2 WFTM/FRAX LP
moonbeam,2025-03-15T03:03:47.000Z,10022390,asset:owned:frax_fxs,0x343e4f06BF240d22FbdFd4a2Fe5858BC66e79F12,0x2974A0D3e70FDe22d44c188F770beE964205aCad,FRAX,0x322E86852e492a7Ee17f28a78c663da38FB33bfb,0.99854779,203854.24419815151,203558.20502618456,FRAX quantity in Fraxswap V2 FXS/FRAX LP
moonbeam,2025-03-15T03:03:47.000Z,10022390,asset:owned:frax_volatile,0x343e4f06BF240d22FbdFd4a2Fe5858BC66e79F12,0xd3bE0E32147ae91378F035fF96f3e2cAb96aC48b,FRAX,0x322E86852e492a7Ee17f28a78c663da38FB33bfb,0.99854779,138880.22804774853,138678.5447917753,FRAX quantity in Fraxswap V2 FRAX/WGLMR LP
moonbeam,2025-03-15T03:03:47.000Z,10022390,asset:owned:frax_volatile,0x343e4f06BF240d22FbdFd4a2Fe5858BC66e79F12,0xd3bE0E32147ae91378F035fF96f3e2cAb96aC48b,WGLMR,0xAcc15dC74880C9944775448304B263D191c6077F,0.0878636146838364,1578338.71609754,138678.5447917753,WGLMR quantity in Fraxswap V2 FRAX/WGLMR LP
bsc,2025-03-15T03:03:47.000Z,47475392,asset:owned:frax_volatile,0x8811Da0385cCf1848B21475A42eA4D07Fc5d964a,0x14732123c443f8E815D5c64f3C7ecb63bCeEab74,FRAX,0x90C97F71E18723b0Cf0dfa30ee176Ab653E89F40,0.99854779,131184.47035461388,130993.9629549202,FRAX quantity in Fraxswap V2 FRAX/WBNB LP
bsc,2025-03-15T03:03:47.000Z,47475392,asset:owned:frax_volatile,0x8811Da0385cCf1848B21475A42eA4D07Fc5d964a,0x14732123c443f8E815D5c64f3C7ecb63bCeEab74,WBNB,0xbb4CdB9CBd36B01bD1cBaEBF2De08d9173bc095c,593.65380818,221.49890725605067,131493.66980026313,WBNB quantity in Fraxswap V2 FRAX/WBNB LP
bsc,2025-03-15T03:03:47.000Z,47475392,asset:owned:frax_fxs,0x8811Da0385cCf1848B21475A42eA4D07Fc5d964a,0xF51709f61447E2647528CCC9030d6FE492C30D63,FRAX,0x90C97F71E18723b0Cf0dfa30ee176Ab653E89F40,0.99854779,0.000102514584846517,0.00010236571214125704,FRAX quantity in Fraxswap V2 FRAX/FXS LP
arbitrum,2025-03-15T03:03:47.000Z,315808301,asset:owned:frax_volatile,0xe61D9ed1e5Dc261D1e90a99304fADCef2c76FD10,0x0BB5A573886bbcecf18590b6Cb59E980FAC7d278,FRAX,0x17FC002b466eEc40DaE837Fc4bE5c67993ddBd6F,0.99854779,76705.92855059,76594.53543408954,FRAX quantity in Fraxswap V2 FRAX/WETH LP
arbitrum,2025-03-15T03:03:47.000Z,315808301,asset:owned:frax_volatile,0xe61D9ed1e5Dc261D1e90a99304fADCef2c76FD10,0x0BB5A573886bbcecf18590b6Cb59E980FAC7d278,WETH,0x82aF49447D8a07e3bd95BD0d56f35241523fBab1,1907.4304,40.016089678085166,76327.90594110586,WETH quantity in Fraxswap V2 FRAX/WETH LP
ethereum,2025-03-15T03:03:47.000Z,22049466,asset:owned:fxs_volatile,0xB1748C79709f4Ba2Dd82834B8c82D4a505003f27,0x3ECfdA4EfF6184cD8563772D6d024cB0Fb9cBf80,FPI,0x5Ca135cB8527d76e932f34B5145575F9d8cbE08E,1.1371203746210088,30315.851554570912,34472.772476688566,FPI quantity in Fraxswap V2 FXS/FPI LP
ethereum,2025-03-15T03:03:47.000Z,22049466,asset:owned:frax_fxs,0xB1748C79709f4Ba2Dd82834B8c82D4a505003f27,0x03B59Bd1c8B9F6C265bA0c3421923B93f15036Fa,FRAX,0x853d955aCEf822Db058eb8505911ED77F175b99e,0.99854779,4197338.181022197,4191242.7645423342,FRAX quantity in Fraxswap V2 FXS/FRAX LP
optimism,2025-03-15T03:03:47.000Z,133204525,asset:owned:frax_volatile,0x0dF840dCbf1229262A4125C1fc559bd338eC9491,0xCc4Dd8Bc7967D46060bA3fAAA8e525A35625F8b4,FRAX,0x2E3D870790dC77A83DD1d18184Acc7439A53f475,0.99854779,308747.69202463445,308299.32553879934,FRAX quantity in Fraxswap V2 FRAX/WETH LP
optimism,2025-03-15T03:03:47.000Z,133204525,asset:owned:frax_volatile,0x0dF840dCbf1229262A4125C1fc559bd338eC9491,0xCc4Dd8Bc7967D46060bA3fAAA8e525A35625F8b4,WETH,0x4200000000000000000000000000000000000006,1907.4304,161.41086983146366,307880.00000697665,WETH quantity in Fraxswap V2 FRAX/WETH LP
polygon,2025-03-15T03:03:47.000Z,69063171,asset:owned:frax_volatile,0xDCB5A4b6Ee39447D700F4FA3303B1d1c25Ea9cA7,0xA964b92C690f0B8efad5B46a278A84bD0EF8AC01,WPOL,0x0d500B1d8E8eF31E21C99d1Db9A6444d3ADf1270,0.2155085422861355,404459.4965848764,87164.47652279091,WPOL quantity in Fraxswap V2 WPOL/FRAX LP
polygon,2025-03-15T03:03:47.000Z,69063171,asset:owned:frax_volatile,0xDCB5A4b6Ee39447D700F4FA3303B1d1c25Ea9cA7,0xA964b92C690f0B8efad5B46a278A84bD0EF8AC01,FRAX,0x45c32fA6DF82ead1e2EF74d17b76547EDdFaFF89,0.99854779,87291.24173695373,87164.47652279091,FRAX quantity in Fraxswap V2 WPOL/FRAX LP
ethereum,2025-03-15T03:03:47.000Z,22049466,asset:owned:fxs_volatile,0xB1748C79709f4Ba2Dd82834B8c82D4a505003f27,0x49FD21C5C8813B1bAE4e5507C556391D6Dd9e9f1,frxETH,0x5E8422345238F34275888049021821E8E08CAa1f,1900.1889114334415,28.710922402186608,54556.17638566098,frxETH quantity in Fraxswap V2 FXS/frxETH LP
ethereum,2025-03-15T03:03:47.000Z,22049466,asset:owned:frax_volatile,0xB1748C79709f4Ba2Dd82834B8c82D4a505003f27,0x5E8c1aD4c3D04f059d5c1A2Ce4593e53be270bca,FRAX,0x853d955aCEf822Db058eb8505911ED77F175b99e,0.99854779,941.1699368545052,939.8031604605058,FRAX quantity in Fraxswap V2 FRAX/ZZ LP
ethereum,2025-03-15T03:03:47.000Z,22049466,asset:owned:frax_volatile,0xB1748C79709f4Ba2Dd82834B8c82D4a505003f27,0x5E8c1aD4c3D04f059d5c1A2Ce4593e53be270bca,ZZ,0xC91a71A1fFA3d8B22ba615BA1B9c01b2BBBf55ad,0.001419545703065602,662045.0179454867,939.803160460505,ZZ quantity in Fraxswap V2 FRAX/ZZ LP
ethereum,2025-03-15T03:03:47.000Z,22049466,asset:owned:frax_volatile,0xB1748C79709f4Ba2Dd82834B8c82D4a505003f27,0x31351Bf3fba544863FBff44DDC27bA880916A199,FRAX,0x853d955aCEf822Db058eb8505911ED77F175b99e,0.99854779,274501.0167112429,274102.38358976465,FRAX quantity in Fraxswap V2 FRAX/WETH LP
ethereum,2025-03-15T03:03:47.000Z,22049466,asset:owned:frax_volatile,0xB1748C79709f4Ba2Dd82834B8c82D4a505003f27,0x31351Bf3fba544863FBff44DDC27bA880916A199,WETH,0xC02aaA39b223FE8D0A0e5C4F27eAD9083C756Cc2,1907.4304,143.81047347876446,274308.4689517891,WETH quantity in Fraxswap V2 FRAX/WETH LP
avalanche,2025-03-15T03:03:47.000Z,58739897,asset:owned:frax_volatile,0xc036Caff65c1A31eAa53e60F6E17f1E6689937AA,0xC725819a7c2A5d3DA243e02eb886b4C5f2B4dc6A,WAVAX,0xB31f66AA3C1e785363F0875A1B74E27b85FD66c7,18.66696729,7932.068370562364,148067.66081533124,WAVAX quantity in Fraxswap V2 WAVAX/FRAX LP
avalanche,2025-03-15T03:03:47.000Z,58739897,asset:owned:frax_volatile,0xc036Caff65c1A31eAa53e60F6E17f1E6689937AA,0xC725819a7c2A5d3DA243e02eb886b4C5f2B4dc6A,FRAX,0xD24C2Ad096400B6FBcd2ad8B24E7acBc21A1da64,0.99854779,147643.50869346966,147429.0993137099,FRAX quantity in Fraxswap V2 WAVAX/FRAX LP
fraxtal,2025-03-15T03:03:47.000Z,17598558,asset:owned:frax_volatile,0xC4EB45d80DC1F079045E75D5d55de8eD1c1090E6,0x37416992335D09875Ce4cb186E3A04DceE9c6858,FRAX,0xFc00000000000000000000000000000000000001,0.99854779,456648.2246072008,455985.075488944,FRAX quantity in BAMM FRAX/wfrxETH LP (from 389.1785 underlying Fraxswap LP)
fraxtal,2025-03-15T03:03:47.000Z,17598558,asset:owned:frax_volatile,0xC4EB45d80DC1F079045E75D5d55de8eD1c1090E6,0x37416992335D09875Ce4cb186E3A04DceE9c6858,wfrxETH,0xFC00000000000000000000000000000000000006,1904.632660739772,239.40840923721024,455985.075488944,wfrxETH quantity in BAMM FRAX/wfrxETH LP (from 389.1785 underlying Fraxswap LP)
fraxtal,2025-03-15T03:03:47.000Z,17598558,asset:owned:frax,0xC4EB45d80DC1F079045E75D5d55de8eD1c1090E6,0xfc00000000000000000000000000000000000008,sFRAX,0xfc00000000000000000000000000000000000008,1.1176121656231053,4150470.8835521946,4638616.752522412,Staked FRAX (sFRAX) held directly
fraxtal,2025-03-15T03:03:47.000Z,17598558,asset:owned:volatile,0xC4EB45d80DC1F079045E75D5d55de8eD1c1090E6,0xFC00000000000000000000000000000000000005,sfrxETH,0xFC00000000000000000000000000000000000005,2121.639979880854,20,42432.79959761707,Staked Frax Ether (sfrxETH) held directly
zksync,2025-03-15T03:03:47.000Z,57682245,asset:owned:volatile,0x5180db0237291A6449DdA9ed33aD90a38787621c,native,ETH,native,1907.4304,1.8322315578220232,3494.854173229085,Ether (ETH) held directly
avalanche,2025-03-15T03:03:47.000Z,58739897,asset:owned:volatile,0xc036Caff65c1A31eAa53e60F6E17f1E6689937AA,native,AVAX,native,18.66696729,49.9999,933.346497803271,Avalanche (AVAX) held directly
fraxtal,2025-03-15T03:03:47.000Z,17598558,asset:owned:volatile,0x5180db0237291A6449DdA9ed33aD90a38787621c,0xFC00000000000000000000000000000000000006,wfrxETH,0xFC00000000000000000000000000000000000006,1904.632660739772,0.060105511709288975,114.47892069198858,Wrapped Frax Ether (wfrxETH) held directly
fraxtal,2025-03-15T03:03:47.000Z,17598558,asset:owned:volatile,0xC4EB45d80DC1F079045E75D5d55de8eD1c1090E6,native,frxETH,native,1900.1889114334415,0.5008821643395941,951.7707346128796,Frax Ether (frxETH) held directly
fraxtal,2025-03-15T03:03:47.000Z,17598558,asset:owned:frax,0xC4EB45d80DC1F079045E75D5d55de8eD1c1090E6,0xFc00000000000000000000000000000000000001,FRAX,0xFc00000000000000000000000000000000000001,0.99854779,24156499.951908715,24121419.641113557,Frax (FRAX) held directly
fraxtal,2025-03-15T03:03:47.000Z,17598558,asset:owned:frax,0x5180db0237291A6449DdA9ed33aD90a38787621c,0xFc00000000000000000000000000000000000001,FRAX,0xFc00000000000000000000000000000000000001,0.99854779,5111.391861099415,5103.969046724808,Frax (FRAX) held directly
zksync,2025-03-15T03:03:47.000Z,57682245,asset:owned:volatile,0x5180db0237291A6449DdA9ed33aD90a38787621c,0x5A7d6b2F92C77FAD6CCaBd7EE0624E64907Eaf3E,ZK,0x5A7d6b2F92C77FAD6CCaBd7EE0624E64907Eaf3E,0.06924888,1000,69.24888,ZKsync (ZK) held directly
zksync,2025-03-15T03:03:47.000Z,57682245,asset:owned:frax,0x5180db0237291A6449DdA9ed33aD90a38787621c,0xb4C1544cb4163f4C2ECa1aE9Ce999F63892d912A,FRAX,0xb4C1544cb4163f4C2ECa1aE9Ce999F63892d912A,0.99854779,95,94.86204005,Frax (FRAX) held directly
fraxtal,2025-03-15T03:03:47.000Z,17598558,asset:owned:usd,0xC4EB45d80DC1F079045E75D5d55de8eD1c1090E6,0x09eAdcBAa812A4C076c3a6cDe765DC4a22E0d775,sDAI,0x09eAdcBAa812A4C076c3a6cDe765DC4a22E0d775,1.1510960087263722,881197.4145532631,1014342.8267922596,Staked DAI (sDAI) held directly
fraxtal,2025-03-15T03:03:47.000Z,17598558,asset:owned:volatile,0xC4EB45d80DC1F079045E75D5d55de8eD1c1090E6,0xFC00000000000000000000000000000000000006,wfrxETH,0xFC00000000000000000000000000000000000006,1904.632660739772,115.49605245549648,219977.5536932525,Wrapped Frax Ether (wfrxETH) held directly
fantom,2025-03-15T03:03:47.000Z,106557102,asset:owned:volatile,0xE838c61635dd1D41952c68E47159329443283d90,native,FTM,native,0.5225036254924375,30110.54493052,15732.868891749633,Fantom (FTM) held directly
fantom,2025-03-15T03:03:47.000Z,106557102,asset:owned:volatile,0xE838c61635dd1D41952c68E47159329443283d90,0x21be370D5312f44cB42ce377BC9b8a0cEF1A4C83,WFTM,0x21be370D5312f44cB42ce377BC9b8a0cEF1A4C83,0.5225036254924375,2.194653479260221,1.146714399613057,Wrapped FTM (WFTM) held directly
fraxtal,2025-03-15T03:03:47.000Z,17598558,asset:owned:volatile,0x5180db0237291A6449DdA9ed33aD90a38787621c,native,frxETH,native,1900.1889114334415,1.3889667396633134,2639.299197058088,Frax Ether (frxETH) held directly
zksync,2025-03-15T03:03:47.000Z,57682245,asset:owned:volatile,0xd492dF0ce7905D7d91aE48F5e893AcAa38221486,native,ETH,native,1907.4304,0.1499,285.92381696,Ether (ETH) held directly
ethereum,2025-03-15T03:03:47.000Z,22049466,asset:owned:frax,0xeeb6b2Feef7BeDb28b9Fa70E1724ea5FC37d42AB,0x853d955aCEf822Db058eb8505911ED77F175b99e,FRAX,0x853d955aCEf822Db058eb8505911ED77F175b99e,0.99854779,50000.00078835647,49927.39028721161,Frax (FRAX) held directly
ethereum,2025-03-15T03:03:47.000Z,22049466,asset:owned:usd,0xB1748C79709f4Ba2Dd82834B8c82D4a505003f27,0x6B175474E89094C44Da98b954EedeAC495271d0F,DAI,0x6B175474E89094C44Da98b954EedeAC495271d0F,1,22702.579347485585,22702.579347485585,Dai (DAI) held directly
ethereum,2025-03-15T03:03:47.000Z,22049466,asset:owned:frax,0x5180db0237291A6449DdA9ed33aD90a38787621c,0x853d955aCEf822Db058eb8505911ED77F175b99e,FRAX,0x853d955aCEf822Db058eb8505911ED77F175b99e,0.99854779,10000,9985.4779,Frax (FRAX) held directly
ethereum,2025-03-15T03:03:47.000Z,22049466,asset:owned:volatile,0xB1748C79709f4Ba2Dd82834B8c82D4a505003f27,0xac3E018457B222d93114458476f3E3416Abbe38F,sfrxETH,0xac3E018457B222d93114458476f3E3416Abbe38F,2121.639979880854,786.5640562722558,1668805.7485244714,Staked Frax Ether (sfrxETH) held directly
ethereum,2025-03-15T03:03:47.000Z,22049466,asset:owned:frax,0xB1748C79709f4Ba2Dd82834B8c82D4a505003f27,0xcf62F905562626CfcDD2261162a51fd02Fc9c5b6,sfrxUSD,0xcf62F905562626CfcDD2261162a51fd02Fc9c5b6,1.1196626465230175,1398883.3433482228,1566277.426390238,Staked Frax USD (sfrxUSD) held directly
ethereum,2025-03-15T03:03:47.000Z,22049466,asset:owned:frax,0x5180db0237291A6449DdA9ed33aD90a38787621c,0xCAcd6fd266aF91b8AeD52aCCc382b4e165586E29,frxUSD,0xCAcd6fd266aF91b8AeD52aCCc382b4e165586E29,0.99854779,9606.28,9592.3296641212,Frax USD (frxUSD) held directly
ethereum,2025-03-15T03:03:47.000Z,22049466,asset:owned:volatile,0xB1748C79709f4Ba2Dd82834B8c82D4a505003f27,0xC02aaA39b223FE8D0A0e5C4F27eAD9083C756Cc2,WETH,0xC02aaA39b223FE8D0A0e5C4F27eAD9083C756Cc2,1907.4304,0.3188884478167082,608.2575195744029,Wrapped Ether (WETH) held directly
ethereum,2025-03-15T03:03:47.000Z,22049466,asset:owned:usd,0xB1748C79709f4Ba2Dd82834B8c82D4a505003f27,0x43415eB6ff9DB7E26A15b704e7A3eDCe97d31C4e,USTB,0x43415eB6ff9DB7E26A15b704e7A3eDCe97d31C4e,10.60228,501282.559584,5314738.055826251,Superstate Short Duration US Government Securities Fund (USTB) held directly
optimism,2025-03-15T03:03:47.000Z,133204525,asset:owned:volatile,0x11978D32619cFefC2E7C75A70ef8BeB077b503Ca,native,ETH,native,1907.4304,5.501463783258586,10493.65926468644,Ether (ETH) held directly
optimism,2025-03-15T03:03:47.000Z,133204525,asset:owned:frax,0x0dF840dCbf1229262A4125C1fc559bd338eC9491,0x2E3D870790dC77A83DD1d18184Acc7439A53f475,FRAX,0x2E3D870790dC77A83DD1d18184Acc7439A53f475,0.99854779,10000,9985.4779,Frax (FRAX) held directly
ethereum,2025-03-15T03:03:47.000Z,22049466,asset:owned:frax,0x9AA7Db8E488eE3ffCC9CdFD4f2EaECC8ABeDCB48,0x853d955aCEf822Db058eb8505911ED77F175b99e,FRAX,0x853d955aCEf822Db058eb8505911ED77F175b99e,0.99854779,3235577.67,3230878.931751849,Frax (FRAX) held directly
ethereum,2025-03-15T03:03:47.000Z,22049466,asset:owned:frax,0xB1748C79709f4Ba2Dd82834B8c82D4a505003f27,0xCAcd6fd266aF91b8AeD52aCCc382b4e165586E29,frxUSD,0xCAcd6fd266aF91b8AeD52aCCc382b4e165586E29,0.99854779,12136884.949528372,12119259.643835817,Frax USD (frxUSD) held directly
moonbeam,2025-03-15T03:03:47.000Z,10022390,asset:owned:volatile,0x343e4f06BF240d22FbdFd4a2Fe5858BC66e79F12,native,GLMR,native,0.08851212,1000000,88512.12,Moonbeam (GLMR) held directly
bsc,2025-03-15T03:03:47.000Z,47475392,asset:owned:volatile,0x8811Da0385cCf1848B21475A42eA4D07Fc5d964a,native,BNB,native,593.65380818,3,1780.96142454,BNB Coin (BNB) held directly
moonriver,2025-03-15T03:03:47.000Z,10728388,asset:owned:volatile,0x2bBbE751E8C36CD6c92767776067f8Dd3A21941f,native,MOVR,native,5.87771328,30000,176331.3984,Moonriver (MOVR) held directly
fraxtal,2025-03-15T03:03:47.000Z,17598558,asset:owned:frax,0x5180db0237291A6449DdA9ed33aD90a38787621c,0xFc00000000000000000000000000000000000003,FPI,0xFc00000000000000000000000000000000000003,1.1371203746210088,690.8748680758962,785.6078888027031,Frax Price Index (FPI) held directly
fraxtal,2025-03-15T03:03:47.000Z,17598558,asset:owned:usd,0x5180db0237291A6449DdA9ed33aD90a38787621c,0x09eAdcBAa812A4C076c3a6cDe765DC4a22E0d775,sDAI,0x09eAdcBAa812A4C076c3a6cDe765DC4a22E0d775,1.1510960087263722,15,17.26644013089558,Staked DAI (sDAI) held directly
fraxtal,2025-03-15T03:03:47.000Z,17598558,asset:owned:frax,0x5180db0237291A6449DdA9ed33aD90a38787621c,0xfc00000000000000000000000000000000000008,sFRAX,0xfc00000000000000000000000000000000000008,1.1176121656231053,1957.4163771154208,2187.632356254099,Staked FRAX (sFRAX) held directly
fraxtal,2025-03-15T03:03:47.000Z,17598558,asset:owned:frax,0xBFc4D34Db83553725eC6c768da71D2D9c1456B55,0xFc00000000000000000000000000000000000001,FRAX,0xFc00000000000000000000000000000000000001,0.99854779,86333.96190803769,86208.58686521521,Frax (FRAX) held directly
fraxtal,2025-03-15T03:03:47.000Z,17598558,asset:owned:frax,0xBFc4D34Db83553725eC6c768da71D2D9c1456B55,0xfc00000000000000000000000000000000000008,sFRAX,0xfc00000000000000000000000000000000000008,1.1176121656231053,70208.20351549624,78465.54237546146,Staked FRAX (sFRAX) held directly
moonriver,2025-03-15T03:03:47.000Z,10728388,asset:owned:frax,0x2bBbE751E8C36CD6c92767776067f8Dd3A21941f,0x1A93B23281CC1CDE4C4741353F3064709A16197d,FRAX,0x1A93B23281CC1CDE4C4741353F3064709A16197d,0.99854779,10000.713786520018,9986.190649952096,Frax (FRAX) held directly
ethereum,2025-03-15T03:03:47.000Z,22049466,asset:owned:usd,0xB1748C79709f4Ba2Dd82834B8c82D4a505003f27,0x7712c34205737192402172409a8F7ccef8aA2AEc,BUIDL,0x7712c34205737192402172409a8F7ccef8aA2AEc,1,15012126.22,15012126.22,BlackRock USD Institutional Digital Liquidity Fund (BUIDL) held directly
moonbeam,2025-03-15T03:03:47.000Z,10022390,asset:owned:volatile,0x343e4f06BF240d22FbdFd4a2Fe5858BC66e79F12,0xAcc15dC74880C9944775448304B263D191c6077F,WGLMR,0xAcc15dC74880C9944775448304B263D191c6077F,0.0878636146838364,7.8434667e-11,6.891553359143018e-12,Wrapped GLMR (WGLMR) held directly
moonbeam,2025-03-15T03:03:47.000Z,10022390,asset:owned:frax,0x343e4f06BF240d22FbdFd4a2Fe5858BC66e79F12,0x322E86852e492a7Ee17f28a78c663da38FB33bfb,FRAX,0x322E86852e492a7Ee17f28a78c663da38FB33bfb,0.99854779,0.16135941423622027,0.1611250864812723,Frax (FRAX) held directly
bsc,2025-03-15T03:03:47.000Z,47475392,asset:owned:volatile,0x8811Da0385cCf1848B21475A42eA4D07Fc5d964a,0xbb4CdB9CBd36B01bD1cBaEBF2De08d9173bc095c,WBNB,0xbb4CdB9CBd36B01bD1cBaEBF2De08d9173bc095c,593.65380818,10.609170704127816,6298.17459013717,Wrapped BNB (WBNB) held directly
ethereum,2025-03-15T03:03:47.000Z,22049466,asset:owned:frax,0x63278bF9AcdFC9fA65CFa2940b89A34ADfbCb4A1,0x853d955aCEf822Db058eb8505911ED77F175b99e,FRAX,0x853d955aCEf822Db058eb8505911ED77F175b99e,0.99854779,1e-7,9.9854779e-8,Frax (FRAX) held directly
ethereum,2025-03-15T03:03:47.000Z,22049466,asset:owned:frax,0xB1748C79709f4Ba2Dd82834B8c82D4a505003f27,0x853d955aCEf822Db058eb8505911ED77F175b99e,FRAX,0x853d955aCEf822Db058eb8505911ED77F175b99e,0.99854779,39353015.435181774,39295866.59263665,Frax (FRAX) held directly
arbitrum,2025-03-15T03:03:47.000Z,315808301,asset:owned:volatile,0xe61D9ed1e5Dc261D1e90a99304fADCef2c76FD10,0x912CE59144191C1204E64559FE8253a0e49E6548,ARB,0x912CE59144191C1204E64559FE8253a0e49E6548,0.35955,300000,107865,Arbitrum (ARB) held directly
ethereum,2025-03-15T03:03:47.000Z,22049466,asset:owned:frax,0x11cC283d06FA762061df2B0D2f0787651ceef659,0x853d955aCEf822Db058eb8505911ED77F175b99e,FRAX,0x853d955aCEf822Db058eb8505911ED77F175b99e,0.99854779,1824327.5041912992,1821678.1975464376,Frax (FRAX) held directly
optimism,2025-03-15T03:03:47.000Z,133204525,asset:owned:volatile,0x0dF840dCbf1229262A4125C1fc559bd338eC9491,native,ETH,native,1907.4304,1,1907.4304,Ether (ETH) held directly
ethereum,2025-03-15T03:03:47.000Z,22049466,asset:owned:volatile,0xB1748C79709f4Ba2Dd82834B8c82D4a505003f27,0x4e3FBD56CD56c3e72c1403e103b45Db9da5B9D2B,CVX,0x4e3FBD56CD56c3e72c1403e103b45Db9da5B9D2B,1.9946698,686307.5120710692,1368956.867841297,Convex (CVX) held directly
polygon,2025-03-15T03:03:47.000Z,69063171,asset:owned:volatile,0x5180db0237291A6449DdA9ed33aD90a38787621c,native,MATIC,native,0.21583628,3998.6739715251706,863.0589149468187,Polygon Matic (MATIC) held directly
polygon,2025-03-15T03:03:47.000Z,69063171,asset:owned:volatile,0xDCB5A4b6Ee39447D700F4FA3303B1d1c25Ea9cA7,native,MATIC,native,0.21583628,250,53.95907,Polygon Matic (MATIC) held directly
arbitrum,2025-03-15T03:03:47.000Z,315808301,asset:owned:volatile,0xe61D9ed1e5Dc261D1e90a99304fADCef2c76FD10,native,ETH,native,1907.4304,2.8405339663242843,5418.120839599516,Ether (ETH) held directly
aurora,2025-03-15T03:03:47.000Z,141873056,asset:owned:frax,0x85F61CC39dB983948671b03B8EcB36877d9A337d,0xE4B9e004389d91e4134a28F19BD833cBA1d994B6,FRAX,0xE4B9e004389d91e4134a28F19BD833cBA1d994B6,0.99854779,2500,2496.369475,Frax (FRAX) held directly
aurora,2025-03-15T03:03:47.000Z,141873056,asset:owned:frax,0x1D50A8c3295798fCebdDD0C720BeC4FBEdc3D178,0xE4B9e004389d91e4134a28F19BD833cBA1d994B6,FRAX,0xE4B9e004389d91e4134a28F19BD833cBA1d994B6,0.99854779,1800,1797.386022,Frax (FRAX) held directly
optimism,2025-03-15T03:03:47.000Z,133204525,asset:owned:volatile,0x0dF840dCbf1229262A4125C1fc559bd338eC9491,0x4200000000000000000000000000000000000006,WETH,0x4200000000000000000000000000000000000006,1907.4304,2.111422294052147,4027.391070912805,Wrapped Ether (WETH) held directly
ethereum,2025-03-15T03:03:47.000Z,22049466,asset:owned:volatile,0xB1748C79709f4Ba2Dd82834B8c82D4a505003f27,native,ETH,native,1907.4304,0.09992138308969233,190.59308371532504,Ether (ETH) held directly
ethereum,2025-03-15T03:03:47.000Z,22049466,asset:owned:volatile,0x5180db0237291A6449DdA9ed33aD90a38787621c,native,ETH,native,1907.4304,2.2657133827869975,4321.6905840147565,Ether (ETH) held directly
ethereum,2025-03-15T03:03:47.000Z,22049466,asset:owned:frax,0x3c2f8c81c24C1c2Acd330290431863A90f092E91,0x853d955aCEf822Db058eb8505911ED77F175b99e,FRAX,0x853d955aCEf822Db058eb8505911ED77F175b99e,0.99854779,1210132.0631697702,1208374.6972863146,Frax (FRAX) held directly
ethereum,2025-03-15T03:03:47.000Z,22049466,asset:owned:volatile,0xB1748C79709f4Ba2Dd82834B8c82D4a505003f27,0x5E8422345238F34275888049021821E8E08CAa1f,frxETH,0x5E8422345238F34275888049021821E8E08CAa1f,1900.1889114334415,5.3576,10180.452111895807,Frax Ether (frxETH) held directly
optimism,2025-03-15T03:03:47.000Z,133204525,asset:owned:volatile,0x0dF840dCbf1229262A4125C1fc559bd338eC9491,0x4200000000000000000000000000000000000042,OP,0x4200000000000000000000000000000000000042,0.86756229,1110238.0591674054,963200.6730564296,Optimism (OP) held directly
ethereum,2025-03-15T03:03:47.000Z,22049466,asset:owned:usd,0x5180db0237291A6449DdA9ed33aD90a38787621c,0xdAC17F958D2ee523a2206206994597C13D831ec7,USDT,0xdAC17F958D2ee523a2206206994597C13D831ec7,0.99983,100,99.983,Tether (USDT) held directly
ethereum,2025-03-15T03:03:47.000Z,22049466,asset:owned:usd,0xde789187E7A67337e859D005B38a345a98c891C0,0x00000000eFE302BEAA2b3e6e1b18d08D69a9012a,AUSD,0x00000000eFE302BEAA2b3e6e1b18d08D69a9012a,0.9980585838608336,52693.48,52591.180027499155,Agora USD (AUSD) held directly
ethereum,2025-03-15T03:03:47.000Z,22049466,asset:owned:volatile,0xB1748C79709f4Ba2Dd82834B8c82D4a505003f27,0xf1Dc500FdE233A4055e25e5BbF516372BC4F6871,SDL,0xf1Dc500FdE233A4055e25e5BbF516372BC4F6871,0,221.04623288566447,0,Saddle (SDL) held directly
ethereum,2025-03-15T03:03:47.000Z,22049466,asset:owned:usd,0xB1748C79709f4Ba2Dd82834B8c82D4a505003f27,0x14d60E7FDC0D71d8611742720E4C50E7a974020c,USCC,0x14d60E7FDC0D71d8611742720E4C50E7a974020c,10.664986,9.411378,100.372214610708,Superstate Crypto Carry Fund (USCC) held directly
ethereum,2025-03-15T03:03:47.000Z,22049466,asset:owned:usd,0xB1748C79709f4Ba2Dd82834B8c82D4a505003f27,0xA0b86991c6218b36c1d19D4a2e9Eb0cE3606eB48,USDC,0xA0b86991c6218b36c1d19D4a2e9Eb0cE3606eB48,0.99989788,12896.91829,12895.601256704223,USD Coin (USDC) held directly
ethereum,2025-03-15T03:03:47.000Z,22049466,asset:owned:frax,0x5180db0237291A6449DdA9ed33aD90a38787621c,0x5Ca135cB8527d76e932f34B5145575F9d8cbE08E,FPI,0x5Ca135cB8527d76e932f34B5145575F9d8cbE08E,1.1371203746210088,69.31,78.81381316498212,Frax Price Index (FPI) held directly
optimism,2025-03-15T03:03:47.000Z,133204525,asset:owned:frax,0x0dF840dCbf1229262A4125C1fc559bd338eC9491,0x5Bff88cA1442c2496f7E475E9e7786383Bc070c0,lzsfrxUSD,0x5Bff88cA1442c2496f7E475E9e7786383Bc070c0,1.1196626465230175,1001000,1120782.3091695404,Staked Frax USD (LayerZero OFT) (lzsfrxUSD) held directly
optimism,2025-03-15T03:03:47.000Z,133204525,asset:owned:frax,0x0dF840dCbf1229262A4125C1fc559bd338eC9491,0x80Eede496655FB9047dd39d9f418d5483ED600df,lzfrxUSD,0x80Eede496655FB9047dd39d9f418d5483ED600df,0.99854779,1001000,999546.33779,Frax USD (LayerZero OFT) (lzfrxUSD) held directly
optimism,2025-03-15T03:03:47.000Z,133204525,asset:owned:usd,0x0dF840dCbf1229262A4125C1fc559bd338eC9491,0x7F5c764cBc14f9669B88837ca1490cCa17c31607,optiUSDC,0x7F5c764cBc14f9669B88837ca1490cCa17c31607,1.0000438,3422.245135,3422.395029336913,Optimism Bridged USDC (optiUSDC) held directly
arbitrum,2025-03-15T03:03:47.000Z,315808301,asset:owned:frax,0xe61D9ed1e5Dc261D1e90a99304fADCef2c76FD10,0x80Eede496655FB9047dd39d9f418d5483ED600df,lzfrxUSD,0x80Eede496655FB9047dd39d9f418d5483ED600df,0.99854779,1001000,999546.33779,Frax USD (LayerZero OFT) (lzfrxUSD) held directly
ethereum,2025-03-15T03:03:47.000Z,22049466,asset:owned:usd,0xde789187E7A67337e859D005B38a345a98c891C0,0x6c3ea9036406852006290770BEdFcAbA0e23A0e8,PYUSD,0x6c3ea9036406852006290770BEdFcAbA0e23A0e8,0.99990757,0.00451,0.0045095831407,PayPal USD (PYUSD) held directly
arbitrum,2025-03-15T03:03:47.000Z,315808301,asset:owned:frax,0xe61D9ed1e5Dc261D1e90a99304fADCef2c76FD10,0x17FC002b466eEc40DaE837Fc4bE5c67993ddBd6F,FRAX,0x17FC002b466eEc40DaE837Fc4bE5c67993ddBd6F,0.99854779,717799.7143858977,716757.3184626694,Frax (FRAX) held directly
arbitrum,2025-03-15T03:03:47.000Z,315808301,asset:owned:volatile,0xe61D9ed1e5Dc261D1e90a99304fADCef2c76FD10,0x82aF49447D8a07e3bd95BD0d56f35241523fBab1,WETH,0x82aF49447D8a07e3bd95BD0d56f35241523fBab1,1907.4304,0.004213826288653823,8.037580363297478,Wrapped Ether (WETH) held directly
optimism,2025-03-15T03:03:47.000Z,133204525,asset:owned:frax,0x11978D32619cFefC2E7C75A70ef8BeB077b503Ca,0x2E3D870790dC77A83DD1d18184Acc7439A53f475,FRAX,0x2E3D870790dC77A83DD1d18184Acc7439A53f475,0.99854779,902.678390938001,901.367512351897,Frax (FRAX) held directly
arbitrum,2025-03-15T03:03:47.000Z,315808301,asset:owned:frax,0xe61D9ed1e5Dc261D1e90a99304fADCef2c76FD10,0x5Bff88cA1442c2496f7E475E9e7786383Bc070c0,lzsfrxUSD,0x5Bff88cA1442c2496f7E475E9e7786383Bc070c0,1.1196626465230175,1001000,1120782.3091695404,Staked Frax USD (LayerZero OFT) (lzsfrxUSD) held directly
optimism,2025-03-15T03:03:47.000Z,133204525,asset:owned:volatile,0x11978D32619cFefC2E7C75A70ef8BeB077b503Ca,0x4200000000000000000000000000000000000006,WETH,0x4200000000000000000000000000000000000006,1907.4304,0.3989,760.87398656,Wrapped Ether (WETH) held directly
ethereum,2025-03-15T03:03:47.000Z,22049466,asset:owned:volatile,0x5180db0237291A6449DdA9ed33aD90a38787621c,0xac3E018457B222d93114458476f3E3416Abbe38F,sfrxETH,0xac3E018457B222d93114458476f3E3416Abbe38F,2121.639979880854,0.06489052030001857,137.6743221837895,Staked Frax Ether (sfrxETH) held directly
ethereum,2025-03-15T03:03:47.000Z,22049466,asset:owned:volatile,0x5180db0237291A6449DdA9ed33aD90a38787621c,0x5E8422345238F34275888049021821E8E08CAa1f,frxETH,0x5E8422345238F34275888049021821E8E08CAa1f,1900.1889114334415,0.074,140.6139794460747,Frax Ether (frxETH) held directly
ethereum,2025-03-15T03:03:47.000Z,22049466,asset:owned:usd,0x2fE065e6FFEf9ac95ab39E5042744d695F560729,0xA0b86991c6218b36c1d19D4a2e9Eb0cE3606eB48,USDC,0xA0b86991c6218b36c1d19D4a2e9Eb0cE3606eB48,0.99989788,2483.5,2483.24638498,USD Coin (USDC) held directly
ethereum,2025-03-15T03:03:47.000Z,22049466,asset:owned:frax,0xB1748C79709f4Ba2Dd82834B8c82D4a505003f27,0xA663B02CF0a4b149d2aD41910CB81e23e1c41c32,sFRAX,0xA663B02CF0a4b149d2aD41910CB81e23e1c41c32,1.1176121656231053,20,22.352243312462107,Staked FRAX (sFRAX) held directly
polygon,2025-03-15T03:03:47.000Z,69063171,asset:owned:frax,0x5180db0237291A6449DdA9ed33aD90a38787621c,0x45c32fA6DF82ead1e2EF74d17b76547EDdFaFF89,FRAX,0x45c32fA6DF82ead1e2EF74d17b76547EDdFaFF89,0.99854779,5995.000021326969,5986.294022345997,Frax (FRAX) held directly
ethereum,2025-03-15T03:03:47.000Z,22049466,asset:owned:volatile,0xB1748C79709f4Ba2Dd82834B8c82D4a505003f27,0xC91a71A1fFA3d8B22ba615BA1B9c01b2BBBf55ad,ZZ,0xC91a71A1fFA3d8B22ba615BA1B9c01b2BBBf55ad,0.001419545703065602,2250000,3193.9778318976046,ZigZag (ZZ) held directly
arbitrum,2025-03-15T03:03:47.000Z,315808301,asset:owned:volatile,0xe61D9ed1e5Dc261D1e90a99304fADCef2c76FD10,0x3ec3849c33291a9ef4c5db86de593eb4a37fde45,lzsfrxETH,0x3ec3849c33291a9ef4c5db86de593eb4a37fde45,2121.639979880854,100,212163.99798808535,Staked Frax Ether (LayerZero OFT) (lzsfrxETH) held directly
arbitrum,2025-03-15T03:03:47.000Z,315808301,asset:owned:frax,0xC7eEC58c7191a503273743d27c8253bdD316C120,0x17FC002b466eEc40DaE837Fc4bE5c67993ddBd6F,FRAX,0x17FC002b466eEc40DaE837Fc4bE5c67993ddBd6F,0.99854779,50000,49927.3895,Frax (FRAX) held directly
ethereum,2025-03-15T03:03:47.000Z,22049466,asset:owned:frax,0xB1748C79709f4Ba2Dd82834B8c82D4a505003f27,0x1F98431c8aD98523631AE4a59f267346ea31F984,FPI,0x5Ca135cB8527d76e932f34B5145575F9d8cbE08E,1.1371203746210088,1242167.9915223198,1412494.5318620864,Quantity of FPI in UniV3 LP #215775 FPI/FRAX
ethereum,2025-03-15T03:03:47.000Z,22049466,asset:owned:frax,0xB1748C79709f4Ba2Dd82834B8c82D4a505003f27,0x1F98431c8aD98523631AE4a59f267346ea31F984,FRAX,0x853d955aCEf822Db058eb8505911ED77F175b99e,0.99854779,1412119.9634328354,1410069.268700739,Quantity of FRAX in UniV3 LP #215775 FPI/FRAX
ethereum,2025-03-15T03:03:47.000Z,22049466,asset:owned:frax_fxs,0xB1748C79709f4Ba2Dd82834B8c82D4a505003f27,0x1F98431c8aD98523631AE4a59f267346ea31F984,FRAX,0x853d955aCEf822Db058eb8505911ED77F175b99e,0.99854779,25102.890345204385,25066.435676816174,Quantity of FRAX in UniV3 LP #219036 FRAX/FPIS
ethereum,2025-03-15T03:03:47.000Z,22049466,asset:owned:fxs_volatile,0xB1748C79709f4Ba2Dd82834B8c82D4a505003f27,0x1F98431c8aD98523631AE4a59f267346ea31F984,WETH,0xC02aaA39b223FE8D0A0e5C4F27eAD9083C756Cc2,1907.4304,13.88770441315334,26489.829583862844,Quantity of WETH in UniV3 LP #219099 WETH/FPIS
ethereum,2025-03-15T03:03:47.000Z,22049466,asset:owned:frax_usd,0xB1748C79709f4Ba2Dd82834B8c82D4a505003f27,0x1F98431c8aD98523631AE4a59f267346ea31F984,FRAX,0x853d955aCEf822Db058eb8505911ED77F175b99e,0.99854779,222288.90891638768,221966.0987399702,Quantity of FRAX in UniV3 LP #237874 FRAX/USDC
ethereum,2025-03-15T03:03:47.000Z,22049466,asset:owned:frax_usd,0xB1748C79709f4Ba2Dd82834B8c82D4a505003f27,0x1F98431c8aD98523631AE4a59f267346ea31F984,USDC,0xA0b86991c6218b36c1d19D4a2e9Eb0cE3606eB48,0.99989788,221447.350979,221424.736775518,Quantity of USDC in UniV3 LP #237874 FRAX/USDC
ethereum,2025-03-15T03:03:47.000Z,22049466,asset:owned:frax_usd,0xB1748C79709f4Ba2Dd82834B8c82D4a505003f27,0x1F98431c8aD98523631AE4a59f267346ea31F984,FRAX,0x853d955aCEf822Db058eb8505911ED77F175b99e,0.99854779,197090.4808502171,196804.26408302164,Quantity of FRAX in UniV3 LP #237918 FRAX/USDC
ethereum,2025-03-15T03:03:47.000Z,22049466,asset:owned:frax_usd,0xB1748C79709f4Ba2Dd82834B8c82D4a505003f27,0x1F98431c8aD98523631AE4a59f267346ea31F984,USDC,0xA0b86991c6218b36c1d19D4a2e9Eb0cE3606eB48,0.99989788,196821.427904,196801.32849978245,Quantity of USDC in UniV3 LP #237918 FRAX/USDC
ethereum,2025-03-15T03:03:47.000Z,22049466,asset:owned:frax_volatile,0xB1748C79709f4Ba2Dd82834B8c82D4a505003f27,0x1F98431c8aD98523631AE4a59f267346ea31F984,stkAAVE,0x4da27a545c0c5B758a6BA100e3a049001de870f5,172.974,7.716693510572534,1334.7873432977735,Quantity of stkAAVE in UniV3 LP #241298 stkAAVE/FRAX
ethereum,2025-03-15T03:03:47.000Z,22049466,asset:owned:frax_volatile,0xB1748C79709f4Ba2Dd82834B8c82D4a505003f27,0x1F98431c8aD98523631AE4a59f267346ea31F984,FRAX,0x853d955aCEf822Db058eb8505911ED77F175b99e,0.99854779,7516.752498969145,7505.836595822616,Quantity of FRAX in UniV3 LP #241298 stkAAVE/FRAX
ethereum,2025-03-15T03:03:47.000Z,22049466,asset:owned:frax_volatile,0xB1748C79709f4Ba2Dd82834B8c82D4a505003f27,0x1F98431c8aD98523631AE4a59f267346ea31F984,frxETH,0x5E8422345238F34275888049021821E8E08CAa1f,1900.1889114334415,381.3324915881856,724603.7720851565,Quantity of frxETH in UniV3 LP #419023 frxETH/FRAX
ethereum,2025-03-15T03:03:47.000Z,22049466,asset:owned:frax_volatile,0xB1748C79709f4Ba2Dd82834B8c82D4a505003f27,0x1F98431c8aD98523631AE4a59f267346ea31F984,FRAX,0x853d955aCEf822Db058eb8505911ED77F175b99e,0.99854779,726259.6224621765,725204.9409758407,Quantity of FRAX in UniV3 LP #419023 frxETH/FRAX
ethereum,2025-03-15T03:03:47.000Z,22049466,asset:owned:frax_volatile,0xB1748C79709f4Ba2Dd82834B8c82D4a505003f27,0x1F98431c8aD98523631AE4a59f267346ea31F984,FRAX,0x853d955aCEf822Db058eb8505911ED77F175b99e,0.99854779,1000000,998547.79,Quantity of FRAX in UniV3 LP #548162 frxETH/FRAX
fraxtal,2025-03-15T03:03:47.000Z,17598558,asset:owned:unknown,0xC4EB45d80DC1F079045E75D5d55de8eD1c1090E6,0x52992f0ca147F25cBA0B727F281848220F6d4c24,axlUSDC,0xEB466342C4d449BC9f53A865D5Cb90586f405215,0.99989788,174.730566,174.71272251460007,Quantity of axlUSDC in RA LP #36 axlUSDC/frxUSD
fraxtal,2025-03-15T03:03:47.000Z,17598558,asset:owned:unknown,0xC4EB45d80DC1F079045E75D5d55de8eD1c1090E6,0x52992f0ca147F25cBA0B727F281848220F6d4c24,frxUSD,0xFc00000000000000000000000000000000000001,0.99854779,308643.35740777315,308195.142437712,Quantity of frxUSD in RA LP #36 axlUSDC/frxUSD
fraxtal,2025-03-15T03:03:47.000Z,17598558,asset:owned:volatile,0xC4EB45d80DC1F079045E75D5d55de8eD1c1090E6,0x7767861F3638Dd69aD131F15efF75E7c886F89b1,axlfrxETH,0xEcc68d0451E20292406967Fe7C04280E5238Ac7D,1900.1889114334415,38.60859185680239,73363.61813235538,Quantity of axlfrxETH in RA LP #38 axlfrxETH/wfrxETH
fraxtal,2025-03-15T03:03:47.000Z,17598558,asset:owned:volatile,0xC4EB45d80DC1F079045E75D5d55de8eD1c1090E6,0x7767861F3638Dd69aD131F15efF75E7c886F89b1,wfrxETH,0xFC00000000000000000000000000000000000006,1904.632660739772,36.5366019986288,69588.80547903845,Quantity of wfrxETH in RA LP #38 axlfrxETH/wfrxETH
fraxtal,2025-03-15T03:03:47.000Z,17598558,asset:owned:unknown,0xC4EB45d80DC1F079045E75D5d55de8eD1c1090E6,0x45A51ed99e94C2B3584386009C0Cccc5A7957A84,wfrxETH,0xFC00000000000000000000000000000000000006,1904.632660739772,120.33403996768784,229192.14272122332,Quantity of wfrxETH in RA LP #1086 frxUSD/wfrxETH
linea,2025-03-15T03:03:47.000Z,16953484,asset:owned:frax_usd,0x6b603B58d7781a5967172e2FEa75f7E34c25F96d,0xc0e9f7131236727d856be9671C13F571C9968955,axlFRAX,0x406Cde76a3fD20e48bc1E0F60651e60Ae204B040,0.99854779,60515.83749690992,60427.95579253853,Quantity of axlFRAX in Nile LP #3482 axlFRAX/axlUSDC
linea,2025-03-15T03:03:47.000Z,16953484,asset:owned:frax_usd,0x6b603B58d7781a5967172e2FEa75f7E34c25F96d,0xc0e9f7131236727d856be9671C13F571C9968955,axlUSDC,0xEB466342C4d449BC9f53A865D5Cb90586f405215,0.99989788,39497.21644,39493.182984257146,Quantity of axlUSDC in Nile LP #3482 axlFRAX/axlUSDC
linea,2025-03-15T03:03:47.000Z,16953484,asset:owned:volatile,0x6b603B58d7781a5967172e2FEa75f7E34c25F96d,0xc614fC9E6B6B2e5E8fDE0CBB8Ca27bF7C5Afa7b7,WETH,0xe5D7C2a44FfDDf6b295A15c148167daaAf5Cf34f,1907.4304,9.079719059420924,17318.93215739888,Quantity of WETH in Nile LP #3483 WETH/axlfrxETH
linea,2025-03-15T03:03:47.000Z,16953484,asset:owned:volatile,0x6b603B58d7781a5967172e2FEa75f7E34c25F96d,0xc614fC9E6B6B2e5E8fDE0CBB8Ca27bF7C5Afa7b7,axlfrxETH,0xEcc68d0451E20292406967Fe7C04280E5238Ac7D,1900.1889114334415,19.90176143111237,37817.10638939347,Quantity of axlfrxETH in Nile LP #3483 WETH/axlfrxETH
mantle,2025-03-15T03:03:47.000Z,76938757,asset:owned:frax_usd,0xC51585F9C1938fcE489da89d24d7A623d4BEDf35,0xa746994866324E92f600a258FE3C2C0245022dA9,axlFRAX,0x406Cde76a3fD20e48bc1E0F60651e60Ae204B040,0.99854779,157028.26154363903,156800.22353194273,Quantity of axlFRAX in Agni LP #317387 axlFRAX/axlUSDC
mantle,2025-03-15T03:03:47.000Z,76938757,asset:owned:frax_usd,0xC51585F9C1938fcE489da89d24d7A623d4BEDf35,0xa746994866324E92f600a258FE3C2C0245022dA9,axlUSDC,0xEB466342C4d449BC9f53A865D5Cb90586f405215,0.99989788,29778.626275,29775.5852816848,Quantity of axlUSDC in Agni LP #317387 axlFRAX/axlUSDC
mantle,2025-03-15T03:03:47.000Z,76938757,asset:owned:volatile,0xC51585F9C1938fcE489da89d24d7A623d4BEDf35,0xd407B953d198872Fd153363156bAAB44FD4a61C0,axlETH,0xb829b68f57CC546dA7E5806A929e53bE32a4625D,1907.4304,8.113089276747251,15475.15312438172,Quantity of axlETH in Agni LP #317413 axlETH/axlfrxETH
mantle,2025-03-15T03:03:47.000Z,76938757,asset:owned:volatile,0xC51585F9C1938fcE489da89d24d7A623d4BEDf35,0xd407B953d198872Fd153363156bAAB44FD4a61C0,axlfrxETH,0xEcc68d0451E20292406967Fe7C04280E5238Ac7D,1900.1889114334415,19.498622702358297,37051.06664724561,Quantity of axlfrxETH in Agni LP #317413 axlETH/axlfrxETH
scroll,2025-03-15T03:03:47.000Z,14035698,asset:owned:frax_usd,0x7efB8A3b929D1e12640Caf8E4889A3d08e4b9039,0x3D85cd1300EA7eab64bB2666fd7b29A52c58d2F9,axlFRAX,0x406Cde76a3fD20e48bc1E0F60651e60Ae204B040,0.99854779,150420.485035018,150202.0429024453,Quantity of axlFRAX in Sushi LP #6570 axlFRAX/axlUSDC
scroll,2025-03-15T03:03:47.000Z,14035698,asset:owned:frax_usd,0x7efB8A3b929D1e12640Caf8E4889A3d08e4b9039,0x3D85cd1300EA7eab64bB2666fd7b29A52c58d2F9,axlUSDC,0xEB466342C4d449BC9f53A865D5Cb90586f405215,0.99989788,36359.268443,36355.5554345066,Quantity of axlUSDC in Sushi LP #6570 axlFRAX/axlUSDC
scroll,2025-03-15T03:03:47.000Z,14035698,asset:owned:volatile,0x7efB8A3b929D1e12640Caf8E4889A3d08e4b9039,0xd45137Dcba4a2F6162068AAae3dFcDD893a79dD3,WETH,0x5300000000000000000000000000000000000004,1907.4304,0.5982163805543642,1141.056110047363,Quantity of WETH in Sushi LP #6731 WETH/axlfrxETH
scroll,2025-03-15T03:03:47.000Z,14035698,asset:owned:volatile,0x7efB8A3b929D1e12640Caf8E4889A3d08e4b9039,0xd45137Dcba4a2F6162068AAae3dFcDD893a79dD3,axlfrxETH,0xEcc68d0451E20292406967Fe7C04280E5238Ac7D,1900.1889114334415,17.353588527598294,32975.09649372087,Quantity of axlfrxETH in Sushi LP #6731 WETH/axlfrxETH
fraxtal,2025-03-15T03:03:47.000Z,17598558,asset:owned:frax_usd,0xC4EB45d80DC1F079045E75D5d55de8eD1c1090E6,0x33251abeCb0364Df98a27A8D5d7b5CCddc774c42,DAI,0xf6a011fAC307f55Cd4bA8e43b8b93f39808DdaA9,1,0.8940349096199918,0.8940349096199918,DAI directly held in unstaked, pure Balancer sDAI/sUSDe/sFRAX LP | 0.78 sDAI = 0.89 DAI (1.151096 DAI per sDAI)
fraxtal,2025-03-15T03:03:47.000Z,17598558,asset:owned:frax_usd,0xC4EB45d80DC1F079045E75D5d55de8eD1c1090E6,0x33251abeCb0364Df98a27A8D5d7b5CCddc774c42,USDe,0x5d3a1Ff2b6BAb83b63cd9AD0787074081a52ef34,0.99971046,2.6013648914801117,2.6006116922894327,USDe directly held in unstaked, pure Balancer sDAI/sUSDe/sFRAX LP | 2.24 sUSDe = 2.60 USDe (1.162559 USDe per sUSDe)
fraxtal,2025-03-15T03:03:47.000Z,17598558,asset:owned:frax_usd,0xC4EB45d80DC1F079045E75D5d55de8eD1c1090E6,0x33251abeCb0364Df98a27A8D5d7b5CCddc774c42,sFRAX,0xfc00000000000000000000000000000000000008,1.1176121656231053,1.4772817425654243,1.651028047544019,sFRAX directly held in unstaked, pure Balancer sDAI/sUSDe/sFRAX LP
fraxtal,2025-03-15T03:03:47.000Z,17598558,asset:owned:frax_usd,0xC4EB45d80DC1F079045E75D5d55de8eD1c1090E6,0xa0Af0B88796C1aA67e93db89FEAd2Ab7aA3D6747,USDe,0x5d3a1Ff2b6BAb83b63cd9AD0787074081a52ef34,0.99971046,3.6232919473254226,3.6222428593749942,USDe directly held in unstaked, pure Balancer USDe/FRAX LP
fraxtal,2025-03-15T03:03:47.000Z,17598558,asset:owned:frax_usd,0xC4EB45d80DC1F079045E75D5d55de8eD1c1090E6,0xa0Af0B88796C1aA67e93db89FEAd2Ab7aA3D6747,FRAX,0xFc00000000000000000000000000000000000001,0.99854779,6.432258918780706,6.422917928056263,FRAX directly held in unstaked, pure Balancer USDe/FRAX LP
ethereum,2025-03-15T03:03:47.000Z,22049466,asset:owned:volatile,0xB1748C79709f4Ba2Dd82834B8c82D4a505003f27,0x858646372CC42E1A627fcE94aa7A7033e7CF075A,sfrxETH,0xac3E018457B222d93114458476f3E3416Abbe38F,2121.639979880854,350,742573.9929582988,Underlying sfrxETH restaked in EigenLayer
ethereum,2025-03-15T03:03:47.000Z,22049466,asset:owned:usd,0xB1748C79709f4Ba2Dd82834B8c82D4a505003f27,0xa3931d71877C0E7a3148CB7Eb4463524FEc27fbD,sUSDS,0xa3931d71877C0E7a3148CB7Eb4463524FEc27fbD,1.0429910725965548,1499825.0262118587,1564304.1127958624,Underlying USDS staked in sUSDS
arbitrum,2025-03-15T03:03:47.000Z,315808301,asset:owned:volatile,0xe61D9ed1e5Dc261D1e90a99304fADCef2c76FD10,0x9A01857f33aa382b1d5bb96C3180347862432B0d,CHR,0x15b2fb8f08e4ac1ce019eadae02ee92aedf06851,0.000647168628480242,386784.015911,250.314481095202,Underlying CHR locked in Chronos veNFT #5397
arbitrum,2025-03-15T03:03:47.000Z,315808301,asset:owned:volatile,0xe61D9ed1e5Dc261D1e90a99304fADCef2c76FD10,0x9A01857f33aa382b1d5bb96C3180347862432B0d,CHR,0x15b2fb8f08e4ac1ce019eadae02ee92aedf06851,0.000647168628480242,26245,16.98494065446395,Underlying CHR locked in Chronos veNFT #10765
ethereum,2025-03-15T03:03:47.000Z,22049466,asset:owned:volatile,0xB1748C79709f4Ba2Dd82834B8c82D4a505003f27,0xbbA4115ecB1F811061eCb5A8DC8FcdEE2748ceBa,MULTI,0x65Ef703f5594D2573eb71Aaf55BC0CB548492df4,0.7123728723195984,4768.465904835585,3396.925753185799,Underlying MULTI locked in Multichain veNFT #125
arbitrum,2025-03-15T03:03:47.000Z,315808301,asset:owned:volatile,0xe61D9ed1e5Dc261D1e90a99304fADCef2c76FD10,0xAAA343032aA79eE9a6897Dab03bef967c3289a06,RAM,0xAAA6C1E32C55A7Bfa8066A6FAE9b42650F262418,0.00724138768359156,6670730.990274393,48305.34923352552,Underlying RAM locked in Ramses veNFT #14
arbitrum,2025-03-15T03:03:47.000Z,315808301,asset:owned:volatile,0xe61D9ed1e5Dc261D1e90a99304fADCef2c76FD10,0xAAA343032aA79eE9a6897Dab03bef967c3289a06,RAM,0xAAA6C1E32C55A7Bfa8066A6FAE9b42650F262418,0.00724138768359156,85236.46802991252,617.2303097846543,Underlying RAM locked in Ramses veNFT #1906
ethereum,2025-03-15T03:03:47.000Z,22049466,asset:owned:volatile,0xB1748C79709f4Ba2Dd82834B8c82D4a505003f27,0xD2751CdBED54B87777E805be36670D7aeAe73bb2,SDL,0xf1Dc500FdE233A4055e25e5BbF516372BC4F6871,0,25888162.698459793,0,Underlying SDL locked in Vote Escrow SDL (veSDL)
ethereum,2025-03-15T03:03:47.000Z,22049466,asset:owned:volatile,0xB1748C79709f4Ba2Dd82834B8c82D4a505003f27,0x0C30476f66034E11782938DF8e4384970B6c9e8a,SDT,0x73968b9a57c6e53d41345fd57a6e6ae27d6cdb2f,0.27610326976212424,195304.61320956997,53924.24230678923,Underlying SDT locked in Vote Escrow SDT (veSDT)
bsc,2025-03-15T03:03:47.000Z,47475392,asset:owned:volatile,0x8811Da0385cCf1848B21475A42eA4D07Fc5d964a,0xfBBF371C9B0B994EebFcC977CEf603F7f31c070D,THE,0xF4C8E32EaDEC4BFe97E0F595AdD0f4450a863a11,0.3501279212824086,679625.5,237955.8635655176,Underlying THE locked in Thena veNFT #20521
optimism,2025-03-15T03:03:47.000Z,133204525,asset:owned:volatile,0x0dF840dCbf1229262A4125C1fc559bd338eC9491,0xfaf8fd17d9840595845582fcb047df13f006787d,VELO,0x3c8B650257cFb5f272f799F5e2b4e65093a11a05,0.07441670413879961,5669298.2488365015,421890.49045828066,Underlying VELO locked in Velodrome veNFT V2 #4976
fraxtal,2025-03-15T03:03:47.000Z,17598558,asset:owned:frax,0xC4EB45d80DC1F079045E75D5d55de8eD1c1090E6,0xa707090d4731272e31cC2ec7E80a5f0B992Abd23,sFRAX,0xfc00000000000000000000000000000000000008,1.1176121656231053,3000000,3352836.496869316,Underlying sFRAX restaked in Karak Luganodes
fraxtal,2025-03-15T03:03:47.000Z,17598558,asset:owned:frax,0xC4EB45d80DC1F079045E75D5d55de8eD1c1090E6,0xf974f55dc1829E82C3B5d6451e1D9C1F9021186a,sFRAX,0xfc00000000000000000000000000000000000008,1.1176121656231053,2000000,2235224.3312462107,Underlying sFRAX restaked in Karak A41
fraxtal,2025-03-15T03:03:47.000Z,17598558,asset:owned:frax,0xC4EB45d80DC1F079045E75D5d55de8eD1c1090E6,0x1ebd926E806b6f4b446Ba6ce5252058A4a934951,sFRAX,0xfc00000000000000000000000000000000000008,1.1176121656231053,1000000,1117612.1656231054,Underlying sFRAX restaked in Karak InnovationStake
fraxtal,2025-03-15T03:03:47.000Z,17598558,asset:owned:frax,0xC4EB45d80DC1F079045E75D5d55de8eD1c1090E6,0x723e17EF536B4a9197B917C0BE7AB79e615DbcEc,sFRAX,0xfc00000000000000000000000000000000000008,1.1176121656231053,1000000,1117612.1656231054,Underlying sFRAX restaked in Karak InfStones
fraxtal,2025-03-15T03:03:47.000Z,17598558,asset:owned:frax,0xC4EB45d80DC1F079045E75D5d55de8eD1c1090E6,0x3acBd3202ACd4aB85DD215Fe776da09cdDE235Ca,sFRAX,0xfc00000000000000000000000000000000000008,1.1176121656231053,1000000,1117612.1656231054,Underlying sFRAX restaked in Karak DSRVLabs
fraxtal,2025-03-15T03:03:47.000Z,17598558,asset:owned:frax,0xC4EB45d80DC1F079045E75D5d55de8eD1c1090E6,0xd4D5bCaAa476eB243116bBa3548168d964C35A08,sFRAX,0xfc00000000000000000000000000000000000008,1.1176121656231053,1000000,1117612.1656231054,Underlying sFRAX restaked in Karak Chainnodes
fraxtal,2025-03-15T03:03:47.000Z,17598558,asset:owned:frax,0xC4EB45d80DC1F079045E75D5d55de8eD1c1090E6,0x15388de1513451db69A95844dBcfe47d3e34b9Ac,sFRAX,0xfc00000000000000000000000000000000000008,1.1176121656231053,1000000,1117612.1656231054,Underlying sFRAX restaked in Karak Meria
ethereum,2025-03-15T03:03:47.000Z,22049466,asset:owned:usd,,,OFFCHAIN_CUSIP_91282CDQ1,,0.9529688,741150,706292.82612,US Treasury 1.25% 12/31/2026 [CUSIP:91282CDQ1]
fraxtal,2025-03-15T03:03:47.000Z,17598558,asset:owned:frax,0xE6ed07952dC9993DD52c6d991Fa809C00eBE58a3,0xE6ed07952dC9993DD52c6d991Fa809C00eBE58a3,FRAX,0xFc00000000000000000000000000000000000001,0.99854779,3210016.3286669934,3205354.71085434,FXB AMO - idle FRAX
fraxtal,2025-03-15T03:03:47.000Z,17598558,asset:owned:frax,0x6e6B61369A4f549FF3A7c9E0CFA5F7E8Ada5CD22,0x6e6B61369A4f549FF3A7c9E0CFA5F7E8Ada5CD22,FRAX,0xFc00000000000000000000000000000000000001,0.99854779,42325.07632362552,42263.61142453759,Uncollected FRAX held in the AMO auction for FXB20251231
fraxtal,2025-03-15T03:03:47.000Z,17598558,asset:owned:frax,0xb29002BF776066BF8d73B3F0597cA8B894E30050,0xb29002BF776066BF8d73B3F0597cA8B894E30050,FRAX,0xFc00000000000000000000000000000000000001,0.99854779,384.1162128168224,383.5583954114077,Uncollected FRAX held in the AMO auction for FXB20291231
fraxtal,2025-03-15T03:03:47.000Z,17598558,asset:owned:frax,0xfC9f079e9D7Fa6080f61F8541870580Ee7af7CF2,0xfC9f079e9D7Fa6080f61F8541870580Ee7af7CF2,FRAX,0xFc00000000000000000000000000000000000001,0.99854779,645.2369375729365,644.2999180398238,Uncollected FRAX held in the AMO auction for FXB20551231
fraxtal,2025-03-15T03:03:47.000Z,17598558,asset:owned:frax,0x0eAbf4a9b73Ec031AD499082c5Dcb55759Fbd6Dd,0x0eAbf4a9b73Ec031AD499082c5Dcb55759Fbd6Dd,FRAX,0xFc00000000000000000000000000000000000001,0.99854779,1,0.99854779,Uncollected FRAX held in the AMO auction for FXB20271231
ethereum,2025-03-15T03:03:47.000Z,22049466,liability:borrowed_frax,0x0F2a32f4f54Ec9D52a193E9E3493fb5FeA86Cbbe,0x88B8358F5BC87c2D7E116cCA5b65A9eEb2c5EA3F,FRAX,0x853d955aCEf822Db058eb8505911ED77F175b99e,0.99854779,1.0531117923954534,1.0515824529194189,Aave AMO V3 - FRAX variable debt token balance on Aave Aave V3 Ethereum
ethereum,2025-03-15T03:03:47.000Z,22049466,liability:borrowed_frax,0x0F2a32f4f54Ec9D52a193E9E3493fb5FeA86Cbbe,0xfd3aDA5AAbdc6531C7C2AC46c00eBf870f5a0E6B,FRAX,0x853d955aCEf822Db058eb8505911ED77F175b99e,0.99854779,1.0235373515462614,1.0220509603689722,Aave AMO V3 - FRAX variable debt token balance on Aave Aave V3 EtherFi Ethereum
ethereum,2025-03-15T03:03:47.000Z,22049466,liability:borrowed_usd,0xB1748C79709f4Ba2Dd82834B8c82D4a505003f27,0x3Afdc9BCA9213A35503b077a6072F3D0d5AB0840,USDT,0xdAC17F958D2ee523a2206206994597C13D831ec7,0.99983,20932356.62918,20928798.12855304,Compound AMO - borrowed USDT
ethereum,2025-03-15T03:03:47.000Z,22049466,liability:remaining_frax_supply,0x34C0bD5877A5Ee7099D0f5688D65F4bB9158BDE2,0x853d955aCEf822Db058eb8505911ED77F175b99e,FRAX,0x853d955aCEf822Db058eb8505911ED77F175b99e,0.99854779,-92959322.32569416,-92824325.86821955,FRAX held in Fraxtal L1 Bridge
arbitrum,2025-03-15T03:03:47.000Z,315808301,liability:remaining_frax_supply,,0x17FC002b466eEc40DaE837Fc4bE5c67993ddBd6F,FRAX,0x17FC002b466eEc40DaE837Fc4bE5c67993ddBd6F,0.99854779,16705831.35572193,16681570.980368838,Total supply of FRAX on arbitrum
aurora,2025-03-15T03:03:47.000Z,141873056,liability:remaining_frax_supply,,0xE4B9e004389d91e4134a28F19BD833cBA1d994B6,FRAX,0xE4B9e004389d91e4134a28F19BD833cBA1d994B6,0.99854779,48630.43324165429,48559.81164019643,Total supply of FRAX on aurora
avalanche,2025-03-15T03:03:47.000Z,58739897,liability:remaining_frax_supply,,0xD24C2Ad096400B6FBcd2ad8B24E7acBc21A1da64,FRAX,0xD24C2Ad096400B6FBcd2ad8B24E7acBc21A1da64,0.99854779,621136.1402921762,620234.1201778825,Total supply of FRAX on avalanche
boba,2025-03-15T03:03:47.000Z,15501493,liability:remaining_frax_supply,,0x7562F525106F5d54E891e005867Bf489B5988CD9,FRAX,0x7562F525106F5d54E891e005867Bf489B5988CD9,0.99854779,70996.55542943689,70893.4535216767,Total supply of FRAX on boba
bsc,2025-03-15T03:03:47.000Z,47475392,liability:remaining_frax_supply,,0x90C97F71E18723b0Cf0dfa30ee176Ab653E89F40,FRAX,0x90C97F71E18723b0Cf0dfa30ee176Ab653E89F40,0.99854779,863175.8897593252,861922.3771004579,Total supply of FRAX on bsc
ethereum,2025-03-15T03:03:47.000Z,22049466,liability:remaining_frax_supply,,0x853d955aCEf822Db058eb8505911ED77F175b99e,FRAX,0x853d955aCEf822Db058eb8505911ED77F175b99e,0.99854779,353337751.1337024,352824630.5181285,Total supply of FRAX on ethereum
fantom,2025-03-15T03:03:47.000Z,106557102,liability:remaining_frax_supply,,0xdc301622e621166BD8E82f2cA0A26c13Ad0BE355,FRAX,0xdc301622e621166BD8E82f2cA0A26c13Ad0BE355,0.99854779,700069.8467240797,699053.1982919686,Total supply of FRAX on fantom
fraxtal,2025-03-15T03:03:47.000Z,17598558,liability:remaining_frax_supply,,0xFc00000000000000000000000000000000000001,FRAX,0xFc00000000000000000000000000000000000001,0.99854779,98837825.58380312,98694292.30511208,Total supply of FRAX on fraxtal
moonbeam,2025-03-15T03:03:47.000Z,10022390,liability:remaining_frax_supply,,0x322E86852e492a7Ee17f28a78c663da38FB33bfb,FRAX,0x322E86852e492a7Ee17f28a78c663da38FB33bfb,0.99854779,932708.3598414296,931353.871434184,Total supply of FRAX on moonbeam
moonriver,2025-03-15T03:03:47.000Z,10728388,liability:remaining_frax_supply,,0x1A93B23281CC1CDE4C4741353F3064709A16197d,FRAX,0x1A93B23281CC1CDE4C4741353F3064709A16197d,0.99854779,2396515.866890378,2393035.6225833204,Total supply of FRAX on moonriver
optimism,2025-03-15T03:03:47.000Z,133204525,liability:remaining_frax_supply,,0x2E3D870790dC77A83DD1d18184Acc7439A53f475,FRAX,0x2E3D870790dC77A83DD1d18184Acc7439A53f475,0.99854779,920081.4720794344,918745.320564866,Total supply of FRAX on optimism
polygon,2025-03-15T03:03:47.000Z,69063171,liability:remaining_frax_supply,,0x45c32fA6DF82ead1e2EF74d17b76547EDdFaFF89,FRAX,0x45c32fA6DF82ead1e2EF74d17b76547EDdFaFF89,0.99854779,566838.2184192416,566015.0502900709,Total supply of FRAX on polygon
polygon_zkevm,2025-03-15T03:03:47.000Z,20688844,liability:remaining_frax_supply,,0xFf8544feD5379D9ffa8D47a74cE6b91e632AC44D,FRAX,0xFf8544feD5379D9ffa8D47a74cE6b91e632AC44D,0.99854779,11183.23414518,11166.993740722028,Total supply of FRAX on polygon_zkevm
zksync,2025-03-15T03:03:47.000Z,57682245,liability:remaining_frax_supply,,0xb4C1544cb4163f4C2ECa1aE9Ce999F63892d912A,FRAX,0xb4C1544cb4163f4C2ECa1aE9Ce999F63892d912A,0.99854779,19296.17075622,19268.14866408611,Total supply of FRAX on zksync
ethereum,2025-03-15T03:03:47.000Z,22049466,liability:remaining_frax_supply,,0xCAcd6fd266aF91b8AeD52aCCc382b4e165586E29,frxUSD,0xCAcd6fd266aF91b8AeD52aCCc382b4e165586E29,0.99854779,86327711.44199635,86202345.47616316,Total supply of frxUSD on ethereum
ethereum,2025-03-15T03:03:47.000Z,22049466,liability:frax_in_fxb,0x0dE54CFdfeD8005176f8b7A9D5438B45c4F1df1e,0x0dE54CFdfeD8005176f8b7A9D5438B45c4F1df1e,FRAX,0x853d955aCEf822Db058eb8505911ED77F175b99e,0.99854779,-366.76466802783585,-366.2320487092791,FRAX held in contract balance of FXB_20240630
ethereum,2025-03-15T03:03:47.000Z,22049466,liability:fxb_supply,,0x0dE54CFdfeD8005176f8b7A9D5438B45c4F1df1e,FXB_20240630,0x0dE54CFdfeD8005176f8b7A9D5438B45c4F1df1e,1,366.76466802783585,366.76466802783585,Total supply of FXB_20240630 on ethereum
ethereum,2025-03-15T03:03:47.000Z,22049466,liability:frax_in_fxb,0xF8FDe8A259A3698902C88bdB1E13Ff28Cd7f6F09,0xF8FDe8A259A3698902C88bdB1E13Ff28Cd7f6F09,FRAX,0x853d955aCEf822Db058eb8505911ED77F175b99e,0.99854779,-229175.62595828084,-228842.81482250796,FRAX held in contract balance of FXB_20241231
ethereum,2025-03-15T03:03:47.000Z,22049466,liability:fxb_supply,,0xF8FDe8A259A3698902C88bdB1E13Ff28Cd7f6F09,FXB_20241231,0xF8FDe8A259A3698902C88bdB1E13Ff28Cd7f6F09,1,229175.62595828084,229175.62595828084,Total supply of FXB_20241231 on ethereum
ethereum,2025-03-15T03:03:47.000Z,22049466,liability:frax_in_fxb,0x76237BCfDbe8e06FB774663add96216961df4ff3,0x76237BCfDbe8e06FB774663add96216961df4ff3,FRAX,0x853d955aCEf822Db058eb8505911ED77F175b99e,0.99854779,-6046780.8731659325,-6037999.677514113,FRAX held in contract balance of FXB_20261231
ethereum,2025-03-15T03:03:47.000Z,22049466,liability:fxb_supply,0x452420df4AC1e3db5429b5FD629f3047482C543C,0x452420df4AC1e3db5429b5FD629f3047482C543C,FXB_20261231,0x76237BCfDbe8e06FB774663add96216961df4ff3,0.8324814429811392,-1999230,-1664321.8752511828,Idle FXB_20261231 held in the AMO contract
ethereum,2025-03-15T03:03:47.000Z,22049466,liability:fxb_supply,,0x76237BCfDbe8e06FB774663add96216961df4ff3,FXB_20261231,0x76237BCfDbe8e06FB774663add96216961df4ff3,0.8324814429811392,6046780.8731659325,5033832.866683928,Total supply of FXB_20261231 on ethereum
fraxtal,2025-03-15T03:03:47.000Z,17598558,liability:frax_in_fxb,0xacA9A33698cF96413A40A4eB9E87906ff40fC6CA,0xacA9A33698cF96413A40A4eB9E87906ff40fC6CA,FRAX,0xFc00000000000000000000000000000000000001,0.99854779,-3628812.659393081,-3623542.861360984,FRAX held in contract balance of FXB20251231
fraxtal,2025-03-15T03:03:47.000Z,17598558,liability:fxb_supply,0x6e6B61369A4f549FF3A7c9E0CFA5F7E8Ada5CD22,0x6e6B61369A4f549FF3A7c9E0CFA5F7E8Ada5CD22,FXB20251231,0xacA9A33698cF96413A40A4eB9E87906ff40fC6CA,0.9462066553528066,-1955986.8939210104,-1850767.8168109243,Unsold FXB20251231 held in the AMO auction contract
fraxtal,2025-03-15T03:03:47.000Z,17598558,liability:fxb_supply,,0xacA9A33698cF96413A40A4eB9E87906ff40fC6CA,FXB20251231,0xacA9A33698cF96413A40A4eB9E87906ff40fC6CA,0.9462066553528066,3628812.659393081,3433606.6893462506,Total supply of FXB20251231 on fraxtal
fraxtal,2025-03-15T03:03:47.000Z,17598558,liability:frax_in_fxb,0xF1e2b576aF4C6a7eE966b14C810b772391e92153,0xF1e2b576aF4C6a7eE966b14C810b772391e92153,FRAX,0xFc00000000000000000000000000000000000001,0.99854779,-12652836.947947351,-12634462.371603172,FRAX held in contract balance of FXB20291231
fraxtal,2025-03-15T03:03:47.000Z,17598558,liability:fxb_supply,0xb29002BF776066BF8d73B3F0597cA8B894E30050,0xb29002BF776066BF8d73B3F0597cA8B894E30050,FXB20291231,0xF1e2b576aF4C6a7eE966b14C810b772391e92153,0.7427549745136991,-1999522.600050093,-1485155.357839772,Unsold FXB20291231 held in the AMO auction contract
fraxtal,2025-03-15T03:03:47.000Z,17598558,liability:fxb_supply,0x022A613950D36F9034D7B883fE5017B27e3d131d,0x022A613950D36F9034D7B883fE5017B27e3d131d,FXB20291231,0xF1e2b576aF4C6a7eE966b14C810b772391e92153,0.7427549745136991,-2686148.666122557,-1995150.2840458667,Idle FXB20291231 held in the FXB 20291231 L1 Quit Creditor Receiver for UniV3 FRAX/DAI
fraxtal,2025-03-15T03:03:47.000Z,17598558,liability:fxb_supply,0x21834a083484D6bAbF9Da1179f8a87eC9E03811A,0x21834a083484D6bAbF9Da1179f8a87eC9E03811A,FXB20291231,0xF1e2b576aF4C6a7eE966b14C810b772391e92153,0.7427549745136991,-4388048.213314933,-3259244.6388456156,Idle FXB20291231 held in the FXB 20291231 L1 Quit Creditor Receiver for UniV3 FRAX/USDC
fraxtal,2025-03-15T03:03:47.000Z,17598558,liability:fxb_supply,,0xF1e2b576aF4C6a7eE966b14C810b772391e92153,FXB20291231,0xF1e2b576aF4C6a7eE966b14C810b772391e92153,0.7427549745136991,12652836.947947351,9397957.584798625,Total supply of FXB20291231 on fraxtal
fraxtal,2025-03-15T03:03:47.000Z,17598558,liability:frax_in_fxb,0xc38173D34afaEA88Bc482813B3CD267bc8A1EA83,0xc38173D34afaEA88Bc482813B3CD267bc8A1EA83,FRAX,0xFc00000000000000000000000000000000000001,0.99854779,-9400860.468892371,-9387208.445310842,FRAX held in contract balance of FXB20551231
fraxtal,2025-03-15T03:03:47.000Z,17598558,liability:fxb_supply,0xfC9f079e9D7Fa6080f61F8541870580Ee7af7CF2,0xfC9f079e9D7Fa6080f61F8541870580Ee7af7CF2,FXB20551231,0xc38173D34afaEA88Bc482813B3CD267bc8A1EA83,0.2238762840057184,-2497352.557579368,-559098.0104430459,Unsold FXB20551231 held in the AMO auction contract
fraxtal,2025-03-15T03:03:47.000Z,17598558,liability:fxb_supply,,0xc38173D34afaEA88Bc482813B3CD267bc8A1EA83,FXB20551231,0xc38173D34afaEA88Bc482813B3CD267bc8A1EA83,0.2238762840057184,9400860.468892371,2104629.70823188,Total supply of FXB20551231 on fraxtal
fraxtal,2025-03-15T03:03:47.000Z,17598558,liability:frax_in_fxb,0x6c9f4E6089c8890AfEE2bcBA364C2712f88fA818,0x6c9f4E6089c8890AfEE2bcBA364C2712f88fA818,FRAX,0xFc00000000000000000000000000000000000001,0.99854779,-4338434.705180538,-4332134.3869173275,FRAX held in contract balance of FXB20271231
fraxtal,2025-03-15T03:03:47.000Z,17598558,liability:fxb_supply,0x0eAbf4a9b73Ec031AD499082c5Dcb55759Fbd6Dd,0x0eAbf4a9b73Ec031AD499082c5Dcb55759Fbd6Dd,FXB20271231,0x6c9f4E6089c8890AfEE2bcBA364C2712f88fA818,0.8824319953982839,-2999998.86648135,-2647294.985941727,Unsold FXB20271231 held in the AMO auction contract
fraxtal,2025-03-15T03:03:47.000Z,17598558,liability:fxb_supply,0xfA6d79c35bCC717adD885b57127C0A63cDaAF025,0xfA6d79c35bCC717adD885b57127C0A63cDaAF025,FXB20271231,0x6c9f4E6089c8890AfEE2bcBA364C2712f88fA818,0.8824319953982839,-350618.1065574887,-309396.6353922928,Idle FXB20271231 held in the FXB 20271231 L1 Quit Creditor Receiver for UniV3 FRAX/DAI
fraxtal,2025-03-15T03:03:47.000Z,17598558,liability:fxb_supply,0x758725305a52cc241242dD26Dd0a5299b9380FDC,0x758725305a52cc241242dD26Dd0a5299b9380FDC,FXB20271231,0x6c9f4E6089c8890AfEE2bcBA364C2712f88fA818,0.8824319953982839,-316017.1687624592,-278863.6608111731,Idle FXB20271231 held in the FXB 20271231 L1 Quit Creditor Receiver for UniV3 FRAX/USDC
fraxtal,2025-03-15T03:03:47.000Z,17598558,liability:fxb_supply,,0x6c9f4E6089c8890AfEE2bcBA364C2712f88fA818,FXB20271231,0x6c9f4E6089c8890AfEE2bcBA364C2712f88fA818,0.8824319953982839,4338434.705180538,3828373.5937976274,Total supply of FXB20271231 on fraxtal